regex,alfabeto_predicho,alfabeto_real
[LCIG]+,"G, I","C, G, I, L"
[GDIK]*,"I, K","D, G, I, K"
[JCDLB]*,B,"B, C, D, J, L"
H+C*J+BF|DL*,L,"B, C, D, F, H, J, L"
I+B*|AA*,A,"A, B, I"
B*|K+JC+K+,K,"B, C, J, K"
[CAFBD],D,"A, B, C, D, F"
[FDJ]+,"D, F, J","D, F, J"
D*ED+G+C+A+|I+L*L*|I+,I,"A, C, D, E, G, I, L"
K*H+F*H+I+K+F|C,C,"C, F, H, I, K"
[AHDI]*,I,"A, D, H, I"
[BJL]*,"B, J, L","B, J, L"
B+J+J,J,"B, J"
[LEHBA]+,A,"A, B, E, H, L"
[JFHEC],C,"C, E, F, H, J"
J+AI+D+|C*E|G*A+,A,"A, C, D, E, G, I, J"
[HICBL],L,"B, C, H, I, L"
[LCKH]+,H,"C, H, K, L"
[GLICJ],"C, J","C, G, I, J, L"
[GBAJF]+,F,"A, B, F, G, J"
H+|A*C|L+F*,F,"A, C, F, H, L"
[KDHAGL],L,"A, D, G, H, K, L"
D+B+G+L+,"G, L","B, D, G, L"
[FGJL],"J, L","F, G, J, L"
[EBDGC]+,"C, G","B, C, D, E, G"
[FEACB],B,"A, B, C, E, F"
[BDFA]*,"A, F","A, B, D, F"
[DHBKFC]*,C,"B, C, D, F, H, K"
[EBLCGA]+,A,"A, B, C, E, G, L"
[BFCG],"C, G","B, C, F, G"
G+K*D*,"D, K","D, G, K"
[KLBAED],D,"A, B, D, E, K, L"
[GIEA],"A, E","A, E, G, I"
[LDKJFH],H,"D, F, H, J, K, L"
L+|L*E|K+A*|L+F*GIL+C*|H+,(ninguno),"A, C, E, F, G, H, I, K, L"
[GFCDBI],I,"B, C, D, F, G, I"
J|EL+|FK|G+D+C*,C,"C, D, E, F, G, J, K, L"
[FGJIH],H,"F, G, H, I, J"
[GADK],K,"A, D, G, K"
[CLKAED]*,D,"A, C, D, E, K, L"
K*C*|LI*|B*E+D*,D,"B, C, D, E, I, K, L"
[HAEIJB],B,"A, B, E, H, I, J"
J*I*|DG+D+|L*,L,"D, G, I, J, L"
J+L*|B*H|D+F+|LJ+,(ninguno),"B, D, F, H, J, L"
J*H+|GHGE+D+,D,"D, E, G, H, J"
C*A*|A*D*E*|LB*D+,D,"A, B, C, D, E, L"
[ILEJA],A,"A, E, I, J, L"
D+L*JE*|J*I*D*|K*F*E*,(ninguno),"D, E, F, I, J, K, L"
D|JG*K*,"G, K","D, G, J, K"
D+|E*K+|I*CL*A+E*|FB,(ninguno),"A, B, C, D, E, F, I, K, L"
[KBJI]+,I,"B, I, J, K"
[DHF],"F, H","D, F, H"
[BJK]+,"B, J, K","B, J, K"
G|L*A*G+|FD*L*,L,"A, D, F, G, L"
[DHIKA],A,"A, D, H, I, K"
[JKFIE]*,E,"E, F, I, J, K"
A*|A*E*I*FIB+|A*,A,"A, B, E, F, I"
EF*C+,"C, F","C, E, F"
[DKEF]*,F,"D, E, F, K"
[FIG],"F, G, I","F, G, I"
[JHLB]+,B,"B, H, J, L"
JF*|BE+,E,"B, E, F, J"
[JKIFG],G,"F, G, I, J, K"
[KJEH]+,H,"E, H, J, K"
[HIADFB],B,"A, B, D, F, H, I"
H*|DD+|BI+C+,C,"B, C, D, H, I"
J*|JL*IE*E*|D*B+F+,(ninguno),"B, D, E, F, I, J, L"
[FLDHA],A,"A, D, F, H, L"
HI+|D+J,J,"D, H, I, J"
DD*J*K+|G*K*,K,"D, G, J, K"
L+|IL|E+LJ+G*HB*A+,(ninguno),"A, B, E, G, H, I, J, L"
C+F+|A*C+|IK|A,A,"A, C, F, I, K"
D*C+CB,"B, C","B, C, D"
[LHKCE]+,"C, E","C, E, H, K, L"
I+J*JE*,"E, J","E, I, J"
[JEIAHB]*,B,"A, B, E, H, I, J"
[KLE],E,"E, K, L"
K*EL*|B*AC*,C,"A, B, C, E, K, L"
[EJBL]*,L,"B, E, J, L"
[GABJC]+,C,"A, B, C, G, J"
G+|GCD|I*,I,"C, D, G, I"
A+|G*K|LCF+,F,"A, C, F, G, K, L"
L*K*|K*CE+|C*H|DJ+,(ninguno),"C, D, E, H, J, K, L"
[GEL]+,"E, G, L","E, G, L"
I+FJ*|C+,"C, J","C, F, I, J"
[HJAB],"A, B","A, B, H, J"
IIE|F*E*|E,E,"E, F, I"
D|K*E*C*E,"C, E","C, D, E, K"
[CJIKBH]*,H,"B, C, H, I, J, K"
B*LI,"B, I, L","B, I, L"
[GFDL]+,L,"D, F, G, L"
EIE+A,"A, E","A, E, I"
[CGJKI]+,I,"C, G, I, J, K"
J*I+CG*|J+G+C|C+A*C,C,"A, C, G, I, J"
H+E+L+F+A*|LL*D|I+I*,I,"A, D, E, F, H, I, L"
[IACF]*,"C, F","A, C, F, I"
[ECJDLA]+,A,"A, C, D, E, J, L"
EH+L+|C+A*H+,H,"A, C, E, H, L"
F|EA+|B*E*,E,"A, B, E, F"
BEG|E*A|H+C,C,"A, B, C, E, G, H"
[KLFHDE]+,(ninguno),"D, E, F, H, K, L"
[GKB]+,"B, G, K","B, G, K"
HE+K|F*,F,"E, F, H, K"
[DCHIEA]+,A,"A, C, D, E, H, I"
[EKJLB]+,B,"B, E, J, K, L"
H+|F+K*AE,E,"A, E, F, H, K"
[BGFID]*,D,"B, D, F, G, I"
[LDBAG],G,"A, B, D, G, L"
[BKG],"B, G, K","B, G, K"
[KAD]*,"A, D","A, D, K"
[JADLGE]*,(ninguno),"A, D, E, G, J, L"
F*L+G+B*H,H,"B, F, G, H, L"
H|B+C*D*D+J*J*J,J,"B, C, D, H, J"
[HICDBG]*,G,"B, C, D, G, H, I"
[EGBKLJ],J,"B, E, G, J, K, L"
A+H+|J+E+|E+H|J,J,"A, E, H, J"
[BIFGA]*,A,"A, B, F, G, I"
IL*G+LD+L+|G+J*|A*,(ninguno),"A, D, G, I, J, L"
K*C*LEI*|E*C+B|L+,(ninguno),"B, C, E, I, K, L"
CD+H+|CG*E+C+,C,"C, D, E, G, H"
[LHJDA]+,A,"A, D, H, J, L"
EH+J|EFBCA*B*|L*,(ninguno),"A, B, C, E, F, H, J, L"
LK+F+|J+H*|B+L+,L,"B, F, H, J, K, L"
H+GDC*L+C+I+A+,(ninguno),"A, C, D, G, H, I, L"
A*|K+D+C|F+F|K+K*,K,"A, C, D, F, K"
[GJAEC],C,"A, C, E, G, J"
[HIF]+,"F, H, I","F, H, I"
[DLJI],I,"D, I, J, L"
[IBL]*,"B, I, L","B, I, L"
[BFK]*,"B, F, K","B, F, K"
[DKAJHB]+,B,"A, B, D, H, J, K"
[AKE]+,"A, E, K","A, E, K"
[ICKEG]+,G,"C, E, G, I, K"
E+B+L*|J,J,"B, E, J, L"
D|J+LL*|HC|BD|DD*|D,D,"B, C, D, H, J, L"
[DIABCE]+,"C, E","A, B, C, D, E, I"
B+D+A+FDBIE,(ninguno),"A, B, D, E, F, I"
[FLI]*,"I, L","F, I, L"
[AKCDF],F,"A, C, D, F, K"
[FDLJ],J,"D, F, J, L"
[AGCDB]+,B,"A, B, C, D, G"
HK*D,"D, K","D, H, K"
[KEBC]*,C,"B, C, E, K"
HEF*C*|E+FD|B,(ninguno),"B, C, D, E, F, H"
AEDA*I+,"A, I","A, D, E, I"
[DKEC]+,C,"C, D, E, K"
[EHB],"B, E, H","B, E, H"
I+A+C+D,"C, D","A, C, D, I"
[HIJE],"E, J","E, H, I, J"
C*|J*I|A+L*,"A, L","A, C, I, J, L"
[CHIB],"B, I","B, C, H, I"
[IBHA]+,A,"A, B, H, I"
H+|J+K+K+AJ*|D+G+,(ninguno),"A, D, G, H, J, K"
F+|A*B+|GI*|L+FC*,C,"A, B, C, F, G, I, L"
[FKL]+,"K, L","F, K, L"
[AEDLK]*,K,"A, D, E, K, L"
D*|D+B|E*I,I,"B, D, E, I"
F|JFLB*|F,F,"B, F, J, L"
E*|A+A|H+H+H|K,"H, K","A, E, H, K"
K|I*B*G*LC*|E+I*,I,"B, C, E, G, I, K, L"
[DKAIHC]*,C,"A, C, D, H, I, K"
[IHKCF],F,"C, F, H, I, K"
D|H+JG|J*F*C+,C,"C, D, F, G, H, J"
[EIG]+,"E, G, I","E, G, I"
H+E+EK*|F+,F,"E, F, H, K"
D*E*J*|GA,A,"A, D, E, G, J"
[BDECLG],G,"B, C, D, E, G, L"
GFG+,"F, G","F, G"
[GAHEIC],C,"A, C, E, G, H, I"
[LGIEFK],K,"E, F, G, I, K, L"
A+H+KI*J+,"I, J","A, H, I, J, K"
G+A*|G*L+,"G, L","A, G, L"
[EIFLA]*,A,"A, E, F, I, L"
[BHI]+,"B, H, I, L","B, H, I"
K*B+J*,"B, J","B, J, K"
[CFGL]*,"G, L","C, F, G, L"
[HGFAKJ]*,J,"A, F, G, H, J, K"
[CADFG],G,"A, C, D, F, G"
[LBJCA],A,"A, B, C, J, L"
[FBIGEC],C,"B, C, E, F, G, I"
[EGKIC]*,C,"C, E, G, I, K"
[IFAJ]+,"A, J","A, F, I, J"
[BELIK],"I, K","B, E, I, K, L"
[KCA]+,"A, C","A, C, K"
[DLHEF],F,"D, E, F, H, L"
[ALJGCE],"C, E","A, C, E, G, J, L"
D*C*D|F,"D, F","C, D, F"
[LBKHA]+,A,"A, B, H, K, L"
[CJEDHG],G,"C, D, E, G, H, J"
C+|JB|L+F*|B,B,"B, C, F, J, L"
[IDCHAJ]+,J,"A, C, D, H, I, J"
I|B*K+DFB,B,"B, D, F, I, K"
J+|A+K+|G+B+FB+A|H*E*,(ninguno),"A, B, E, F, G, H, J, K"
F+|E+L+J*D+D,D,"D, E, F, J, L"
E+K|H*L*|E*F+|FKC+J+,(ninguno),"C, E, F, H, J, K, L"
[LHD],"D, L","D, H, L"
[EKIBJH],H,"B, E, H, I, J, K"
AB*H*G+,G,"A, B, G, H"
A+E*J+JB*L,L,"A, B, E, J, L"
K+C*|CE,"C, E","C, E, K"
[EJHA],"A, H","A, E, H, J"
[KJBDFH]*,H,"B, D, F, H, J, K"
[CJIF],"F, I","C, F, I, J"
K+I+AK*H+|H+F,"F, H","A, F, H, I, K"
[GIHBDA]*,A,"A, B, D, G, H, I"
[KJFBH]+,H,"B, F, H, J, K"
J*|I+J+E*A*E*D|E+,E,"A, D, E, I, J"
[EJI],"E, I, J","E, I, J"
[DEA],"A, E","A, D, E"
[JGFH]*,"F, H","F, G, H, J"
G*AK*GEL+,L,"A, E, G, K, L"
[DLFJB],B,"B, D, F, J, L"
[AELGF]+,F,"A, E, F, G, L"
[EHF],"F, H","E, F, H"
L*IA,"A, I","A, I, L"
[DJKC],C,"C, D, J, K"
[AEIGL]*,"G, L","A, E, G, I, L"
G*J|C+AE+,"A, E","A, C, E, G, J"
[IFLA]*,A,"A, F, I, L"
D*B+K,"B, D, K","B, D, K"
[DKB]*,"B, K","B, D, K"
K*L+HD*IL|D+,D,"D, H, I, K, L"
[DICHA]*,A,"A, C, D, H, I"
[DICA],A,"A, C, D, I"
D+DL*,"D, L","D, L"
CJ*|K+L*|C*,C,"C, J, K, L"
[KLCBAH],H,"A, B, C, H, K, L"
[EIJH],"H, J","E, H, I, J"
FH+F|J*,"F, J","F, H, J"
[EHBFC]*,C,"B, C, E, F, H"
B*I+KIF|G*,G,"B, F, G, I, K"
[CKALBE]*,E,"A, B, C, E, K, L"
[AFDGC]*,"C, G","A, C, D, F, G"
L+EL*,"E, L","E, L"
C+ILE*B+,B,"B, C, E, I, L"
D|H*E+|B+L+|ADI|DA*,A,"A, B, D, E, H, I, L"
[HBGJK]+,K,"B, G, H, J, K"
A*K*CB|LD+J,J,"A, B, C, D, J, K, L"
G*|C*L+|B+G+,G,"B, C, G, L"
E+C*F,"C, E, F","C, E, F"
[BDFH]*,"F, H","B, D, F, H"
I*|CEG,"E, G","C, E, G, I"
[HBJGA]+,A,"A, B, G, H, J"
[JBKGEF]+,F,"B, E, F, G, J, K"
[HGBFDC]*,C,"B, C, D, F, G, H"
[KFH]+,"F, H","F, H, K"
A*E+D+|JJ,J,"A, D, E, J"
[FJIGCK],K,"C, F, G, I, J, K"
[DBHL],L,"B, D, H, L"
[DCHJ]*,"H, J","C, D, H, J"
A+EE,"A, E","A, E"
A+F*B+G*,G,"A, B, F, G"
[ICH]*,"C, H, I","C, H, I"
[EGDBC]*,C,"B, C, D, E, G"
G*|FGLK*F*|I+B+L+,L,"B, F, G, I, K, L"
[AKEHF]+,"F, H","A, E, F, H, K"
D*E+J+,"E, J","D, E, J"
E*|K+C+|J*BEF+,F,"B, C, E, F, J, K"
[ELDHCA],A,"A, C, D, E, H, L"
[AGLFH]*,H,"A, F, G, H, L"
E+|A*HH*|C+B*,B,"A, B, C, E, H"
[DLBFEG],G,"B, D, E, F, G, L"
[ICAHG]+,G,"A, C, G, H, I"
[HGBA],A,"A, B, G, H"
L*H+DK*,K,"D, H, K, L"
A+L+|J+FA|E+BF*,(ninguno),"A, B, E, F, J, L"
[HCKFAL],L,"A, C, F, H, K, L"
[CKA]+,"A, K","A, C, K"
[EHDB],B,"B, D, E, H"
K*F*|FA*F+,F,"A, F, K"
G|D*L*I*,"I, L","D, G, I, L"
[BJI]+,"I, J","B, I, J"
[ILJHGE]*,E,"E, G, H, I, J, L"
[CIKG]*,"G, I, K","C, G, I, K"
J*D+|C*E|B+G+JGIH*|A,(ninguno),"A, B, C, D, E, G, H, I, J"
F|AIB*J+B+|C+I+|F,(ninguno),"A, B, C, F, I, J"
BE*C+L*,"C, L","B, C, E, L"
[FAEHC]*,C,"A, C, E, F, H"
[LCDJF]+,F,"C, D, F, J, L"
[DCI]*,"C, D, I","C, D, I"
F+|DG+|I+J,"I, J","D, F, G, I, J"
[HJD],"D, J","D, H, J"
F|I+D*C,C,"C, D, F, I"
K*I+LL+|CB+|I,I,"B, C, I, K, L"
[EIKCBG]*,G,"B, C, E, G, I, K"
[DALK]+,K,"A, D, K, L"
[AIFE]*,"E, F","A, E, F, I"
L+B+|A+L*,"A, L","A, B, L"
[IHLFBE]*,E,"B, E, F, H, I, L"
F*LE+K+H,H,"E, F, H, K, L"
J*A|JH,"H, J","A, H, J"
[AEDLBI],I,"A, B, D, E, I, L"
[IEFCJH]+,H,"C, E, F, H, I, J"
I+H*C*G*A+|L+B+|CL,(ninguno),"A, B, C, G, H, I, L"
[DAJ]*,"A, D, J","A, D, J"
[FCJ],"C, F, J","C, F, J"
[GCELB]*,B,"B, C, E, G, L"
[DEGF]*,"F, G","D, E, F, G"
[JCE]*,"C, E","C, E, J"
[AELH]+,H,"A, E, H, L"
H+|K*I+|LB+K*,K,"B, H, I, K, L"
H+H*|L+LE*,E,"E, H, L"
[HEGK],"G, K","E, G, H, K"
K*|B*G*I*|C*K|CB*K+,(ninguno),"B, C, G, I, K"
[KEIAJ],"A, J","A, E, I, J, K"
H*K+|EC,"C, E","C, E, H, K"
[EBKAJH],H,"A, B, E, H, J, K"
[AGDILH]*,H,"A, D, G, H, I, L"
D+K+A*|LH*|I+J+K+L+,(ninguno),"A, D, H, I, J, K, L"
D+K*B|B*F|FLB+J*|BC*|A*,(ninguno),"A, B, C, D, F, J, K, L"
C+|IE+J+|J*D*I+|J+E+,(ninguno),"C, D, E, I, J"
[ADFI]+,"F, I","A, D, F, I"
L+L*DBD+,D,"B, D, L"
L*C*J*|EB*I+,I,"B, C, E, I, J, L"
LI+F*DB*|F*B|I*,(ninguno),"B, D, F, I, L"
G*KG*B|C+J+,J,"B, C, G, J, K"
[GFD]*,"D, F, G","D, F, G"
D*|IA|J*J+D|L+A*|K,(ninguno),"A, D, I, J, K, L"
L+|E+H+G+,G,"E, G, H, L"
[ADGB],"B, G","A, B, D, G"
[CKIJL]*,L,"C, I, J, K, L"
[ACKI]*,I,"A, C, I, K"
C*HA+H*|L+J+,J,"A, C, H, J, L"
[IECG],"C, G","C, E, G, I"
[DGC],"C, G","C, D, G"
[GAD]+,"A, D, G","A, D, G"
B*JHA*B*|C*,C,"A, B, C, H, J"
[DIEB]+,"B, E","B, D, E, I"
K*C*F*,"C, F","C, F, K"
D*K*K*|DH*A+G+B,(ninguno),"A, B, D, G, H, K"
[AKH]+,"H, K","A, H, K"
[ABGJ]*,"G, J","A, B, G, J"
IABH+,"B, H","A, B, H, I"
HH*|ID|G*C*|J+G+,G,"C, D, G, H, I, J"
G+|J*E*B*K|G*L+B|EI,(ninguno),"B, E, G, I, J, K, L"
[KAHDBG]+,G,"A, B, D, G, H, K"
A+D+KF,F,"A, D, F, K"
B*|F+H+|KJ+A|A*KI+,I,"A, B, F, H, I, J, K"
I+AA*G*K*|H*C+,C,"A, C, G, H, I, K"
[DIAF]*,"A, F","A, D, F, I"
H+|LIK+J*CG*|F+AC*,C,"A, C, F, G, H, I, J, K, L"
[AHEB],B,"A, B, E, H"
[CKBH],H,"B, C, H, K"
[HIGK]+,K,"G, H, I, K"
J*F+K+,"F, J, K","F, J, K"
GD+C,"C, D, G","C, D, G"
D+I+A+L|A+F*,"A, F","A, D, F, I, L"
H|F*DE+,"E, F","D, E, F, H"
E|GL+|C*G|I+,I,"C, E, G, I, L"
[AEDBC]*,C,"A, B, C, D, E"
[JEF],"E, F","E, F, J"
[GCLFK]*,K,"C, F, G, K, L"
LB|JH*|AD|B+J+E*|D+,(ninguno),"A, B, D, E, H, J, L"
[KHAJBI],I,"A, B, H, I, J, K"
[FJG]+,"G, J","F, G, J"
[JIB]+,"B, I, J","B, I, J"
[DLKJ]+,"J, K","D, J, K, L"
[HFE]*,"E, F, H","E, F, H"
A+IB+,"A, B, I","A, B, I"
[DJEALB]+,B,"A, B, D, E, J, L"
GE*K+,"E, G, K","E, G, K"
C*F*H|D*C*F,F,"C, D, F, H"
L+J*L+|L+AB|E*K+F+,(ninguno),"A, B, E, F, J, K, L"
F*C*B*|D*I*|H*C*,C,"B, C, D, F, H, I"
[AEBF]+,F,"A, B, E, F"
[FDK],"D, F, K","D, F, K"
[FGL]*,"F, G, L","F, G, L"
[DFLGA]+,A,"A, D, F, G, L"
L*H*|HK|K*B+G*C*|C+E+,(ninguno),"B, C, E, G, H, K, L"
A+|K+L*A*,A,"A, K, L"
G+H+J*,"G, H, J","G, H, J"
[HIBCD]*,D,"B, C, D, H, I"
DC*F*DJ*|G+L*J,(ninguno),"C, D, F, G, J, L"
[CJLHGE]+,E,"C, E, G, H, J, L"
[DIC],"C, D, I","C, D, I"
H+HL+|D+I*F*I*|L,L,"D, F, H, I, L"
[ABCH]*,"C, H","A, B, C, H"
[EFGJL]*,L,"E, F, G, J, L"
[JIFK],K,"F, I, J, K"
E+F+|B*IG+,G,"B, E, F, G, I"
[CABKFE]+,(ninguno),"A, B, C, E, F, K"
[KGJ]+,"G, J, K","G, J, K"
[DJFI],I,"D, F, I, J"
[CJK]*,"C, J, K","C, J, K"
A|EH*|K+D*B+H+|E+J*K+F|E*,(ninguno),"A, B, D, E, F, H, J, K"
[LIKC]*,C,"C, I, K, L"
G+|I*E*|IA*GH+,(ninguno),"A, E, G, H, I"
[FELI],"I, L","E, F, I, L"
[KGJ],"G, J, K","G, J, K"
L|A+G+|EC*H|CB+|I+A*FE,(ninguno),"A, B, C, E, F, G, H, I, L"
A+FD*B,B,"A, B, D, F"
[BJIDFE],(ninguno),"B, D, E, F, I, J"
[EBJGF]*,F,"B, E, F, G, J"
G+G+K+A+|LE*K*D*,(ninguno),"A, D, E, G, K, L"
I+A+|B+D+,"B, D","A, B, D, I"
K*|E*K+I|D*G*E*L+A|D+H+,(ninguno),"A, D, E, G, H, I, K, L"
[BLFI]+,"F, I","B, F, I, L"
[KBHFLJ]*,J,"B, F, H, J, K, L"
[IDFEGC],"C, G","C, D, E, F, G, I"
[HBJ]*,"B, H, J","B, H, J"
A+F*A*,"A, F","A, F"
[GJFIK],K,"F, G, I, J, K"
[HIE],"E, I","E, H, I"
[IHE],"E, H, I","E, H, I"
[CBKJHF],"F, H","B, C, F, H, J, K"
GB|AF*AE+,"A, E","A, B, E, F, G"
[BCFIHL],L,"B, C, F, H, I, L"
H+C*J,"C, H, J","C, H, J"
[FCHLE],E,"C, E, F, H, L"
H*|AF*C*B*EA+|A,A,"A, B, C, E, F, H"
[EGLKC]*,C,"C, E, G, K, L"
I+L|K*G+|B*G|J,G,"B, G, I, J, K, L"
[EJKA]*,A,"A, E, J, K"
[GFIEKJ],J,"E, F, G, I, J, K"
EG+AC|C*D,"C, D","A, C, D, E, G"
[LFDJH]+,H,"D, F, H, J, L"
[DHKIL]*,"I, L","D, H, I, K, L"
[DGLAH],H,"A, D, G, H, L"
[AKCDJL]*,L,"A, C, D, J, K, L"
I*J+I+,"I, J","I, J"
[BDLGH]*,"G, H","B, D, G, H, L"
KI+H|B+H|A+C*C|F*F*|E,(ninguno),"A, B, C, E, F, H, I, K"
I*H*|L+K*E+|FD+|K*,K,"D, E, F, H, I, K, L"
HI+|G+J+H+|C+K|LG|K+,(ninguno),"C, G, H, I, J, K, L"
[IKG]*,"G, I, K","G, I, K"
[IHFB],B,"B, F, H, I"
[EAHLGJ]+,J,"A, E, G, H, J, L"
[DGAB]*,"A, B","A, B, D, G"
[KAHE]+,"E, H","A, E, H, K"
[BDKAF]+,"A, F","A, B, D, F, K"
[ELG]*,"G, L","E, G, L"
I+F+E+F*C*,C,"C, E, F, I"
A|B*F*E*H+|DG+B*H+,(ninguno),"A, B, D, E, F, G, H"
[BIGCD]*,D,"B, C, D, G, I"
C+A*GC+G*|GG*,G,"A, C, G"
[BFKGC],"C, G","B, C, F, G, K"
[DGFAK],K,"A, D, F, G, K"
L+|L+GJHK|I*H*|E+E*,E,"E, G, H, I, J, K, L"
[KFBIG],G,"B, F, G, I, K"
[BHF]+,"F, H","B, F, H"
[GHA]+,"A, G, H","A, G, H"
L|ID*I+,I,"D, I, L"
[HBL]+,"B, L","B, H, L"
[DFCJ]+,"C, J","C, D, F, J"
L*GEC*,"C, E","C, E, G, L"
[LAC]+,"A, C","A, C, L"
JCB*G+|A+D+C*,C,"A, B, C, D, G, J"
[LJG],G,"G, J, L"
K+F+|I*A*,"A, I","A, F, I, K"
G|F*CKF,F,"C, F, G, K"
[LKD]+,"D, K","D, K, L"
[FAE],"A, E, F","A, E, F"
[IFBD],D,"B, D, F, I"
[HCKAD]+,"A, D","A, C, D, H, K"
[FKIC],"C, I","C, F, I, K"
[EDFIG]*,"G, I","D, E, F, G, I"
F*EG+,"E, F, G","E, F, G"
[HKGFJL]*,L,"F, G, H, J, K, L"
IK+F*A+|E*B*|G*,G,"A, B, E, F, G, I, K"
[EHJ]+,"E, H, J","E, H, J"
H*|H*DK*,K,"D, H, K"
[FAJKGI]+,I,"A, F, G, I, J, K"
[AJGF],F,"A, F, G, J"
DDK*G*J*D+H,H,"D, G, H, J, K"
HE*B|I+,I,"B, E, H, I"
CE|LG*I+F*K*D|C+G+|D,(ninguno),"C, D, E, F, G, I, K, L"
[JDCGH],H,"C, D, G, H, J"
DB+C*,"B, C, D","B, C, D"
[DJKB]+,"B, K","B, D, J, K"
JIA*,"A, I","A, I, J"
[GHKC]+,"C, K","C, G, H, K"
[DHF]*,"F, H","D, F, H"
[KLIE]*,"E, I","E, I, K, L"
I*DF*|D*H|HB+G*H,H,"B, D, F, G, H, I"
[DIKHFE]*,E,"D, E, F, H, I, K"
[ECI]*,"C, E, I","C, E, I"
ADH+H|J*A+A+,A,"A, D, H, J"
[GKE]+,"E, G, K","E, G, K"
[BAGFH]+,"F, H","A, B, F, G, H"
B*I+E|F+,"E, F","B, E, F, I"
E*A+C*|E+,"C, E","A, C, E"
I+CL*,"C, I, L","C, I, L"
[DCJ]+,"C, D, J","C, D, J"
G|E+A|J+D*|A+,A,"A, D, E, G, J"
J+LK+B+|F+D*|KC*|I+,(ninguno),"B, C, D, F, I, J, K, L"
B+G*|EI*|J+,"I, J","B, E, G, I, J"
[BKDC]+,C,"B, C, D, K"
D+|FB*F*,F,"B, D, F"
B*|G*FA+|L+,L,"A, B, F, G, L"
A|K+E*|K+DE+BK+I+A+|H,(ninguno),"A, B, D, E, H, I, K"
D|D+B*FD+G,G,"B, D, F, G"
B+AG,"A, B, G","A, B, G"
[KJELG],G,"E, G, J, K, L"
F|IAB+|G,G,"A, B, F, G, I"
[FHK],"F, H, K","F, H, K"
[FDLG]+,G,"D, F, G, L"
[JGB]+,"B, G","B, G, J"
BC|E+IF+D+|B*K,K,"B, C, D, E, F, I, K"
J*|IH+CC+|L+J*CH*,(ninguno),"C, H, I, J, L"
L+J*|H*L+D*D+G*|C*A+|A*E+,(ninguno),"A, C, D, E, G, H, J, L"
[HKD]+,"D, K","D, H, K"
B|H*AJ*J*E+|J+H+,H,"A, B, E, H, J"
[JILE]+,E,"E, I, J, L"
FF+|E*CD*|IJ|FJ+J*C,(ninguno),"C, D, E, F, I, J"
[FHCDL]+,L,"C, D, F, H, L"
[CFI],"C, F, I","C, F, I"
[HEL],"E, L","E, H, L"
D+|F+A|D*B+|F*DE*AB+,(ninguno),"A, B, D, E, F"
B+F+|B*L+I*G+C|H*D,(ninguno),"B, C, D, F, G, H, I, L"
[CEH]*,"C, E, H","C, E, H"
[KEA]*,"A, E","A, E, K"
D*|H+F*L+CI+,I,"C, D, F, H, I, L"
[GLKHA],A,"A, G, H, K, L"
B*A+|A*K*|I+L,"I, L","A, B, I, K, L"
D|GI*F+G+|G*K+|I*,I,"D, F, G, I, K"
G+H+F*J*,"F, J","F, G, H, J"
B*|AE+|K+B*,B,"A, B, E, K"
I*CE+,"C, E, I","C, E, I"
F+|K+FK,"F, K","F, K"
AII*H*,"H, I","A, H, I"
[CFJLI]*,I,"C, F, I, J, L"
[JHEC]*,C,"C, E, H, J"
I+BDG+|BF+|B*E+,(ninguno),"B, D, E, F, G, I"
[CFLJ]*,J,"C, F, J, L"
[EAIBLH]*,H,"A, B, E, H, I, L"
[EAD]*,"A, D, E","A, D, E"
D*|I*H|A*L+AB+|C*AF+G+,(ninguno),"A, B, C, D, F, G, H, I, L"
B|B+DGA|DD+F*,(ninguno),"A, B, D, F, G"
[JDGKF]+,F,"D, F, G, J, K"
[JDEBLH]+,H,"B, D, E, H, J, L"
G*F+K*,"F, G, K","F, G, K"
[GEKC]*,C,"C, E, G, K"
GH*DA*JD+B*J*,J,"A, B, D, G, H, J"
[BCL],"B, C, L","B, C, L"
[JLKDFG],G,"D, F, G, J, K, L"
[DIJC]*,"C, J","C, D, I, J"
G*C+EB*,B,"B, C, E, G"
LB+L+J+|FB|F*G,G,"B, F, G, J, L"
D*|EF*|BI*G|D,D,"B, D, E, F, G, I"
[DFJGBH]*,H,"B, D, F, G, H, J"
DL*|H*E+|J+CFK*,(ninguno),"C, D, E, F, H, J, K, L"
[ABDI]*,"D, I","A, B, D, I"
[BLDK]+,K,"B, D, K, L"
[HALEDI]*,I,"A, D, E, H, I, L"
KI|F+B+|D+,D,"B, D, F, I, K"
[FCAHKJ]+,J,"A, C, F, H, J, K"
EDF*|I*L+|J*D+|K*I+|C,(ninguno),"C, D, E, F, I, J, K, L"
[AHEBGC]*,"C, G","A, B, C, E, G, H"
[ADBEHI]+,I,"A, B, D, E, H, I"
B|D*B*K|JK+,K,"B, D, J, K"
A*|G+G|DJ,"G, J","A, D, G, J"
[DHAC]*,C,"A, C, D, H"
[CJHLIE]*,E,"C, E, H, I, J, L"
A*I*A,"A, I","A, I"
C+FH+|D+,D,"C, D, F, H"
[GAB]*,"A, B, G","A, B, G"
DC*AB*,"A, B","A, B, C, D"
E+LAJ*L|L*I*JB,(ninguno),"A, B, E, I, J, L"
K*|I+L*C+,C,"C, I, K, L"
D*I+D+E*|IG*I*|F*A*B+|G,G,"A, B, D, E, F, G, I"
BGJ*|EE*,E,"B, E, G, J"
L*|AE|IF,F,"A, E, F, I, L"
[LIAJE]+,E,"A, E, I, J, L"
H*D*H+F,"F, H","D, F, H"
C*|LIE*G|KJC+C+H+,(ninguno),"C, E, G, H, I, J, K, L"
H|C+BH+GD*,D,"B, C, D, G, H"
[GBCIL]+,"I, L","B, C, G, I, L"
[JAB],"A, B","A, B, J"
E*D+F,"D, E, F","D, E, F"
HD+F+E+D*K*|L+,L,"D, E, F, H, K, L"
B*JI*C*,"C, I","B, C, I, J"
F*CA|F+,"A, F","A, C, F"
G+C+G+L*K*|J*K*,K,"C, G, J, K, L"
[KECGJ]*,"G, J","C, E, G, J, K"
[HKLJG]+,G,"G, H, J, K, L"
[FLJHG],G,"F, G, H, J, L"
[LEBFA]+,A,"A, B, E, F, L"
[BDCIKG]*,G,"B, C, D, G, I, K"
KK+|A*DH*C+,C,"A, C, D, H, K"
J+|J*A*BL,L,"A, B, J, L"
H+|J+A+DL*,L,"A, D, H, J, L"
F*F+|F*F|H+D*,(ninguno),"D, F, H"
[IHDJC],C,"C, D, H, I, J"
[BCLJKE],E,"B, C, E, J, K, L"
[HABIDJ]+,J,"A, B, D, H, I, J"
L*HH*,"H, L","H, L"
[LAHKI],I,"A, H, I, K, L"
H*C*|I+A+B*F+KE+|G*D+,(ninguno),"A, B, C, D, E, F, G, H, I, K"
[BAF],"A, B, F","A, B, F"
[BIDL]*,"D, I, L","B, D, I, L"
LE+|LC*D,"C, D","C, D, E, L"
[CLGH]*,"G, H","C, G, H, L"
KH+H+|G+J+|LJ+,J,"G, H, J, K, L"
G|BJCD+H+,H,"B, C, D, G, H, J"
I+|G*I+I*,I,"G, I"
B|J*HJ*,"H, J","B, H, J"
B|J*K*D+|HG|C+A+|IB*|EG*,G,"A, B, C, D, E, G, H, I, J, K"
[ELDI]+,I,"D, E, I, L"
[GDI],"D, G, I","D, G, I"
[ECF],"C, E, F","C, E, F"
G*|FF+J*|B+,B,"B, F, G, J"
[JFC]+,"C, F, J","C, F, J"
K*L+F+EJ+,J,"E, F, J, K, L"
K|AK+F*B+B+|C+EF+,F,"A, B, C, E, F, K"
[HCI],"C, H, I","C, H, I"
[LKECD]+,D,"C, D, E, K, L"
K+FE+AD*,"A, D","A, D, E, F, K"
[LCKEAI],"A, I","A, C, E, I, K, L"
[GEBLK],K,"B, E, G, K, L"
FL|KA+|AAA+,A,"A, F, K, L"
[FHDBC],C,"B, C, D, F, H"
H+E*IE+|LJ,J,"E, H, I, J, L"
[GJLID],D,"D, G, I, J, L"
[BCL]+,"B, C, L","B, C, L"
B+H+DC,C,"B, C, D, H"
D+A*HE+J*B*L+J*,J,"A, B, D, E, H, J, L"
H*BE+IB*J*|K+E+,(ninguno),"B, E, H, I, J, K"
[GIB]*,"B, G, I","B, G, I"
[FBCAL]*,L,"A, B, C, F, L"
[HLJ]+,"J, L","H, J, L"
[HEDILG],G,"D, E, G, H, I, L"
[CJADB]+,B,"A, B, C, D, J"
[ACLE]*,"C, E","A, C, E, L"
[FGBHIJ]+,J,"B, F, G, H, I, J"
[EHFCB]*,B,"B, C, E, F, H"
[EDBGJA]+,A,"A, B, D, E, G, J"
L*LK|K+,K,"K, L"
[LAJI]+,I,"A, I, J, L"
[FHLJDE]*,E,"D, E, F, H, J, L"
[FBLGEC],C,"B, C, E, F, G, L"
[AHJK]+,"J, K","A, H, J, K"
[GIAH]*,"A, H","A, G, H, I"
[IGBEHF]+,F,"B, E, F, G, H, I"
[HFGBIK],K,"B, F, G, H, I, K"
[JFDAKC],C,"A, C, D, F, J, K"
C*|G*E*DB+K+|J*B*|K+D*,(ninguno),"B, C, D, E, G, J, K"
[LEBJD]*,D,"B, D, E, J, L"
[DKG]*,"G, K","D, G, K"
C*|L*B*L+J+LA|D+H*F,(ninguno),"A, B, C, D, F, H, J, L"
[AFDK],K,"A, D, F, K"
[CDEAKJ],J,"A, C, D, E, J, K"
[GBELKF]*,F,"B, E, F, G, K, L"
I+B*A*AB*|J+C*,C,"A, B, C, I, J"
[DJK],"J, K","D, J, K"
[KCAL],"A, L","A, C, K, L"
HL*|H*H+|H*C*C|E*,C,"C, E, H, L"
[BJF]+,"F, J","B, F, J"
[CHKL],L,"C, H, K, L"
K*K+|K*I*,"I, K","I, K"
[KHF],"F, H","F, H, K"
[LGJ]+,"G, J","G, J, L"
[GFDEIJ]*,J,"D, E, F, G, I, J"
H+|LL+B+,"B, L","B, H, L"
[GKEHI]+,I,"E, G, H, I, K"
[IKDBH],H,"B, D, H, I, K"
[LDG]*,"D, G, L","D, G, L"
[DHE]+,"D, E, H","D, E, H"
[GEDHC]*,C,"C, D, E, G, H"
[GCDJHB]+,B,"B, C, D, G, H, J"
C*C*D*,"C, D","C, D"
G|F*EK*,K,"E, F, G, K"
F*BJ*|I,"I, J","B, F, I, J"
[IKEAH],"A, H","A, E, H, I, K"
[IALFB]*,B,"A, B, F, I, L"
DF+A|G*,G,"A, D, F, G"
[KDB]*,"B, K","B, D, K"
[FHGBK],K,"B, F, G, H, K"
C*E*JH|G,G,"C, E, G, H, J"
[EHFADK]+,K,"A, D, E, F, H, K"
[HDEGKI]+,I,"D, E, G, H, I, K"
[LGEHD],D,"D, E, G, H, L"
HK+K*,"H, K","H, K"
[JBHKAG]*,G,"A, B, G, H, J, K"
I+L|C+J|C*K|L+F,(ninguno),"C, F, I, J, K, L"
LF*|I*F*H|CD+L*G,(ninguno),"C, D, F, G, H, I, L"
[HLJAFK],K,"A, F, H, J, K, L"
F+|J*F+A+,"A, F","A, F, J"
AL*|G+A*|F+A+|K+,"A, K","A, F, G, K, L"
[CHLEF],F,"C, E, F, H, L"
A*F*I+,"A, F, I","A, F, I"
[GIEJH]+,H,"E, G, H, I, J"
JE+HD+H*G*H+I+,(ninguno),"D, E, G, H, I, J"
[KBC],"B, C, K","B, C, K"
[BIL]*,"B, I, L","B, I, L"
G+|DJF*|G*L+,L,"D, F, G, J, L"
[CEDJL],L,"C, D, E, J, L"
[IGCLH]+,H,"C, G, H, I, L"
I|C*A*BH,H,"A, B, C, H, I"
J+DG|A+A+A*|IE*,A,"A, D, E, G, I, J"
G*CC*,"C, G","C, G"
J+|K+D*I*IC*F+D|K+,(ninguno),"C, D, F, I, J, K"
[EJAI],"A, I","A, E, I, J"
[JBFELI],I,"B, E, F, I, J, L"
[DJA]*,"A, J","A, D, J"
[KIL],"I, K, L","I, K, L"
[IJDEB],B,"B, D, E, I, J"
[DGHFAE],E,"A, D, E, F, G, H"
[JAHGDF],F,"A, D, F, G, H, J"
[DLE]+,"D, E, L","D, E, L"
A+E*|EB+I+DG|A+K+,(ninguno),"A, B, D, E, G, I, K"
C*BE*,"B, C, E","B, C, E"
[DEHF],"F, H","D, E, F, H"
F*A+K+|A*A,A,"A, F, K"
DJ*D+C+|F*E+|K*B+,(ninguno),"B, C, D, E, F, J, K"
F*|J*D*GB|C+,C,"B, C, D, F, G, J"
[ECDF],F,"C, D, E, F"
HI|IH|G+A+I*H+B+,(ninguno),"A, B, G, H, I"
[BKFE]*,"E, F","B, E, F, K"
E|J+DKK+H*G+|B,(ninguno),"B, D, E, G, H, J, K"
[KCJIE],E,"C, E, I, J, K"
[LICB],"B, C","B, C, I, L"
F+|G+K|B*A+|H*J*|LK*CF+F*,F,"A, B, C, F, G, H, J, K, L"
I+E+JD*DBG+,G,"B, D, E, G, I, J"
[GKJLAI]+,"A, I","A, G, I, J, K, L"
[BDIHLE]+,E,"B, D, E, H, I, L"
[BHEDK],K,"B, D, E, H, K"
G*D*D*|CB*,B,"B, C, D, G"
[IHG]*,"G, H, I","G, H, I"
B*B*|L*K|JK*,K,"B, J, K, L"
H*K+|B*B+BE*C+D*H,(ninguno),"B, C, D, E, H, K"
[CADGK],"G, K","A, C, D, G, K"
[KEBGF]+,F,"B, E, F, G, K"
[KJGIE]+,E,"E, G, I, J, K"
[EBGFHI]*,I,"B, E, F, G, H, I"
A+|D*K*C+|L+EK*,K,"A, C, D, E, K, L"
[LJC]+,"C, J","C, J, L"
IKJ+F+D+B+|L*DJ,(ninguno),"B, D, F, I, J, K, L"
LJ*|L*J*E,E,"E, J, L"
[BCDAK]*,K,"A, B, C, D, K"
[DGLBIH],H,"B, D, G, H, I, L"
JKKH*H,H,"H, J, K"
[BHGDEI]+,I,"B, D, E, G, H, I"
[GEIK],"I, K","E, G, I, K"
[HLG]*,"G, L","G, H, L"
[BADH]*,"D, H","A, B, D, H"
[AFGK]+,"G, K","A, F, G, K"
D*G|E*C*L+D+J,(ninguno),"C, D, E, G, J, L"
DA*G*|D+I+|H*I+,I,"A, D, G, H, I"
[LBFGAE]+,E,"A, B, E, F, G, L"
C*|G*EA+F*K+|D+A*|K*G*,G,"A, C, D, E, F, G, K"
[KDA]*,"A, D","A, D, K"
[DLHGKE],E,"D, E, G, H, K, L"
J*|B+G+K*G*K|J*G+F*,(ninguno),"B, F, G, J, K"
[FKJDBH],H,"B, D, F, H, J, K"
AGF*G|D+,"D, G","A, D, F, G"
[EBG],"B, E, G","B, E, G"
[CKAJ]+,"A, J","A, C, J, K"
[DGL]+,"D, G, L","D, G, L"
B*H*IA*C,C,"A, B, C, H, I"
GK*A*|K,"A, K","A, G, K"
[IDALKH]+,H,"A, D, H, I, K, L"
[GDFBIE]*,E,"B, D, E, F, G, I"
[KGLD]+,D,"D, G, K, L"
BK+K*|B*,"B, K","B, K"
[HBKDJ]+,J,"B, D, H, J, K"
[FEBKGD]*,D,"B, D, E, F, G, K"
[DIE]+,"D, E, I","D, E, I"
G|EIE|B+B*D+|BJ*,(ninguno),"B, D, E, G, I, J"
[CBAHD]*,D,"A, B, C, D, H"
[JEF]*,"E, F","E, F, J"
H+|G+KD|C+I+|I*,I,"C, D, G, H, I, K"
[DHBC]+,C,"B, C, D, H"
[FJCAKL],L,"A, C, F, J, K, L"
J|A*IB+|D+K+J+,J,"A, B, D, I, J, K"
[BFICHK]+,K,"B, C, F, H, I, K"
E|B*D+CB*|E+C*,C,"B, C, D, E"
ID+L+E+E+G*C+,C,"C, D, E, G, I, L"
KI+D+I+|A+F+,"A, F","A, D, F, I, K"
K*L*G+LC*E+J*|G*A+,(ninguno),"A, C, E, G, J, K, L"
[ILD],"D, L","D, I, L"
[LKCJ]*,"C, J","C, J, K, L"
[JLF]*,F,"F, J, L"
H+CB+EJL*|J*,J,"B, C, E, H, J, L"
[FDHB]+,B,"B, D, F, H"
[AED]*,"A, D, E","A, D, E"
D*H+KL*|C+D,D,"C, D, H, K, L"
[LIDE]+,"D, E","D, E, I, L"
[KLD],"D, L","D, K, L"
[CKEB],B,"B, C, E, K"
EI+|B*BG+|C*,"C, G","B, C, E, G, I"
H|IE*F,"E, F","E, F, H, I"
L*|H*K+F|J*H,H,"F, H, J, K, L"
E+|LIF*A+D+,D,"A, D, E, F, I, L"
LB|H*A*H|G,G,"A, B, G, H, L"
L+I*FAB|D+C+|JI*,(ninguno),"A, B, C, D, F, I, J, L"
[BEA]*,"A, E","A, B, E"
D|A*EK+|C+D,D,"A, C, D, E, K"
[IFGKD],D,"D, F, G, I, K"
G*|BGA*,"A, G","A, B, G"
[FJE]*,"E, F, J","E, F, J"
[JFEC],C,"C, E, F, J"
[FCHDI]+,I,"C, D, F, H, I"
[GDF],"D, F, G","D, F, G"
F|J*F*H*|KD,D,"D, F, H, J, K"
[HIBKF]+,F,"B, F, H, I, K"
[IBAJ]*,"A, J","A, B, I, J"
D+E*|CJ+H,H,"C, D, E, H, J"
B*A*L+|L+,L,"A, B, L"
[ABDECJ],"C, J","A, B, C, D, E, J"
[CJKBG]*,G,"B, C, G, J, K"
[AHB]*,"A, B, H","A, B, H"
[IJBDAF],"A, F","A, B, D, F, I, J"
[FJDLE]+,E,"D, E, F, J, L"
E|D+E+KL*C+E*A|KB,(ninguno),"A, B, C, D, E, K, L"
D+K*G,"G, K","D, G, K"
K*I*KC,"C, K","C, I, K"
[JAH]*,"A, H","A, H, J"
[DEFI]*,"F, I","D, E, F, I"
DD*G+B+K*I,I,"B, D, G, I, K"
G*JC|I+A*|B+D*IC+,(ninguno),"A, B, C, D, G, I, J"
C*L+D+B+H+|J+B+H*D|J+,(ninguno),"B, C, D, H, J, L"
K+B+B+,"B, K","B, K"
FG+IL*|D,D,"D, F, G, I, L"
K|A+C|J+H*,H,"A, C, H, J, K"
G+|J*E+C+B+,B,"B, C, E, G, J"
[DEAI]+,"A, I","A, D, E, I"
E|C+E+F+F*|EE,E,"C, E, F"
EA|CG|H*,"G, H","A, C, E, G, H"
K+J*CI+E,E,"C, E, I, J, K"
[GHF],"F, H","F, G, H"
[IJLDB]*,B,"B, D, I, J, L"
E+JF,"F, J","E, F, J"
K+|FG+|I*C|J,J,"C, F, G, I, J, K"
[EGHLK]+,K,"E, G, H, K, L"
H+|H+DD*I*|L+FI+,I,"D, F, H, I, L"
I+F*H,"F, H, I","F, H, I"
[BDAKEL]*,L,"A, B, D, E, K, L"
[KGB]*,"B, G, K","B, G, K"
[JGE],"E, G","E, G, J"
[AIBG]*,"B, G","A, B, G, I"
[EGJIFA]*,A,"A, E, F, G, I, J"
J+|DC|E*J+J+K+C|J*G*,(ninguno),"C, D, E, G, J, K"
[HDBF]*,F,"B, D, F, H"
IJCL+|AJ+J*KK+,K,"A, C, I, J, K, L"
[LHFD],"D, F","D, F, H, L"
A+|H*L+|D+F,F,"A, D, F, H, L"
[FHDIB]+,B,"B, D, F, H, I"
D*LJ*,"J, L","D, J, L"
G+K+|C*B*|CI+|F*DA,(ninguno),"A, B, C, D, F, G, I, K"
BBKD+G*C|GHD,(ninguno),"B, C, D, G, H, K"
[IHKAG],G,"A, G, H, I, K"
L|KK+E+AI,"A, I","A, E, I, K, L"
CH+D*L*,L,"C, D, H, L"
D+AG|A+F*H*C*J*|D+F+,(ninguno),"A, C, D, F, G, H, J"
K*D*|D+D*|D*,D,"D, K"
[LGD]+,"D, G","D, G, L"
L+A+|D+A+A*JK*F*|H*,(ninguno),"A, D, F, H, J, K, L"
AI*K*,"A, I, K","A, I, K"
[BFDE]+,"E, F","B, D, E, F"
K+DG*L*F+F|K*D|G+H*,(ninguno),"D, F, G, H, K, L"
[GCEALK],K,"A, C, E, G, K, L"
H+CF+H+A+|L+A*D+,(ninguno),"A, C, D, F, H, L"
[JCFBA],A,"A, B, C, F, J"
H+C|A+D*D*E*,E,"A, C, D, E, H"
[GCEJ]*,"C, E, J","C, E, G, J"
[ABG],"A, B, G, L","A, B, G"
[GCIJBA]*,A,"A, B, C, G, I, J"
[JLIA]+,A,"A, I, J, L"
[BLICDE]+,E,"B, C, D, E, I, L"
[FCIGHJ]+,J,"C, F, G, H, I, J"
[CKHAJD]+,D,"A, C, D, H, J, K"
D|K+H*F|E+,"E, F","D, E, F, H, K"
C+F*H+,"C, F, H","C, F, H"
I*|C*I+F+|KEH*|A*,A,"A, C, E, F, H, I, K"
[LFKHAD],D,"A, D, F, H, K, L"
I*B+I*L,"I, L","B, I, L"
C+D+FG*,"F, G","C, D, F, G"
[BLHJ]*,J,"B, H, J, L"
HH*|I*K+FD*D+|C+,(ninguno),"C, D, F, H, I, K"
C+|B+H+|J+G*F*H*|H*,H,"B, C, F, G, H, J"
[KGFJ],"F, J","F, G, J, K"
[BAHFJ]+,J,"A, B, F, H, J"
[DLE],"D, E, L","D, E, L"
D*L*F+J*|AI*|D*F|E+J|I+D,(ninguno),"A, D, E, F, I, J, L"
HI+|L*B|DI*|AE+C+D*|J*I*,(ninguno),"A, B, C, D, E, H, I, J, L"
C+H+|GA|LE+,E,"A, C, E, G, H, L"
[FJKD]*,D,"D, F, J, K"
J+L*|EJ+|D+,D,"D, E, J, L"
[FEDGK],"G, K","D, E, F, G, K"
[KIG]*,"G, I, K","G, I, K"
H*CK*G*,"G, K","C, G, H, K"
[CIGBJ]+,J,"B, C, G, I, J"
[FGC],"C, G","C, F, G"
D*H*|A*B+|B*F,F,"A, B, D, F, H"
[DEALK]*,K,"A, D, E, K, L"
C*GE*|AD*G+D*I*,I,"A, C, D, E, G, I"
[FDB]+,"B, F","B, D, F"
[JHE]*,"E, H","E, H, J"
[IJKL]+,L,"I, J, K, L"
[HKJ]+,"H, J, K","H, J, K"
[CADFB]+,B,"A, B, C, D, F"
E*IA+I*LI+|CG+G*,G,"A, C, E, G, I, L"
[KJHAF],"A, F","A, F, H, J, K"
[GDALKI],I,"A, D, G, I, K, L"
[LACHD]*,D,"A, C, D, H, L"
B*L*K*B+,B,"B, K, L"
CG*KK|K*J|H*,H,"C, G, H, J, K"
[JBGFIK],K,"B, F, G, I, J, K"
[AFD]+,"A, D, F","A, D, F"
AD+L|A+,A,"A, D, L"
L*|B+I*|HA*|KL+,L,"A, B, H, I, K, L"
K|L*D|E+L*,L,"D, E, K, L"
[GEHID]*,D,"D, E, G, H, I"
[LJF],"F, J","F, J, L"
[HAGIE]+,E,"A, E, G, H, I"
[HEB]+,"B, E","B, E, H"
[HCKBLE],E,"B, C, E, H, K, L"
[ACKEHD]*,D,"A, C, D, E, H, K"
G+I*A+A+EA*J+|J*,"A, J","A, E, G, I, J"
[GFJIKE]*,E,"E, F, G, I, J, K"
[DJBKA]+,A,"A, B, D, J, K"
C*E*HK,"H, K","C, E, H, K"
[EHFBJL]+,L,"B, E, F, H, J, L"
G*KC+|H*G|F+E|C+A+,(ninguno),"A, C, E, F, G, H, K"
E*CD|I*C*E*J+,(ninguno),"C, D, E, I, J"
[JAEGIH]*,H,"A, E, G, H, I, J"
[CGF],"C, F, G","C, F, G"
[CFAGKH]*,H,"A, C, F, G, H, K"
F+H+D*I+A+E*C+K+|E*,(ninguno),"A, C, D, E, F, H, I, K"
[EDCA]*,"A, C","A, C, D, E"
[CFGLBJ]*,J,"B, C, F, G, J, L"
[BAFJH]*,H,"A, B, F, H, J"
G+|L*HG+AJ*|B*,(ninguno),"A, B, G, H, J, L"
G*HD*K+D+L+J*,J,"D, G, H, J, K, L"
[AIC]*,"A, C, I","A, C, I"
[GIEBH],H,"B, E, G, H, I"
F*AB*A+L+|E*J*A+C,(ninguno),"A, B, C, E, F, J, L"
[CLAG]*,G,"A, C, G, L"
L+K|H+G*E*EB|JB*,(ninguno),"B, E, G, H, J, K, L"
H*HL*,"H, L","H, L"
[DLCBI]*,I,"B, C, D, I, L"
[IBLGK],K,"B, G, I, K, L"
[KABIFD],D,"A, B, D, F, I, K"
EH*|D+B*,B,"B, D, E, H"
C+|F*D+K+G+F*,F,"C, D, F, G, K"
LI*C+K*,"C, I, K","C, I, K, L"
[IJHBA]+,A,"A, B, H, I, J"
[FADCGI],I,"A, C, D, F, G, I"
KLI*,"I, L","I, K, L"
A+|I*L*|A*H*|I*,I,"A, H, I, L"
L*E*|B*J+G+A|L*A*I,A,"A, B, E, G, I, J, L"
D+H*A*F*G+,G,"A, D, F, G, H"
[ECD]*,"C, D, E","C, D, E"
[FGJC]+,"C, J","C, F, G, J"
[AIDF]*,"A, D, F","A, D, F, I"
[EJHGI]*,I,"E, G, H, I, J"
LJ*|A*I+,"A, I","A, I, J, L"
[FLHJ]+,J,"F, H, J, L"
I*HDF*,F,"D, F, H, I"
[GBHJD],D,"B, D, G, H, J"
E+B*IG+|I,I,"B, E, G, I"
[HLC],"C, L","C, H, L"
E+IGL+,"G, L","E, G, I, L"
[FBJ],"B, F, J","B, F, J"
[DCJEAF],"A, F","A, C, D, E, F, J"
[FKDE]*,E,"D, E, F, K"
[CAD]*,"A, C, D","A, C, D"
C*DL*L*IL*,L,"C, D, I, L"
I+A+ED*|K+J|JE*L+|I+J+,(ninguno),"A, D, E, I, J, K, L"
[KEHJA]*,A,"A, E, H, J, K"
[CEHGF]+,F,"C, E, F, G, H"
I|K+A*F+|F*J+,J,"A, F, I, J, K"
[EDL],"D, E, L","D, E, L"
I*|C*E*|GA*GEC,C,"A, C, E, G, I"
B+C+|BI|G*B+,B,"B, C, G, I"
[JBGEIF],F,"B, E, F, G, I, J"
D*JC*H*J*E|AG+D*|F,(ninguno),"A, C, D, E, F, G, H, J"
D*BC+H*,"C, H","B, C, D, H"
[GFAK]+,K,"A, F, G, K"
[JIG],"G, I","G, I, J"
[JLI]+,"I, L","I, J, L"
C+B|A*GK+E+,E,"A, B, C, E, G, K"
[GEH]+,"E, G, H","E, G, H"
HD+HA*|G+A*,A,"A, D, G, H"
JH*G|G*D+|K+D+|LA*|L*,(ninguno),"A, D, G, H, J, K, L"
[JCG]+,"C, G","C, G, J"
J|CG*A*K*,K,"A, C, G, J, K"
JG+I*|H*E+L*,L,"E, G, H, I, J, L"
D*|I*F|J+K*G*C*|B*L+D+F,(ninguno),"B, C, D, F, G, I, J, K, L"
IB*C*E+C|L*L*J*|E*C*,C,"B, C, E, I, J, L"
F|E*GH|B*,B,"B, E, F, G, H"
C*K+I*,"C, I, K","C, I, K"
G+|K+L*|H+FH|KI*I,I,"F, G, H, I, K, L"
BFD+HD*,D,"B, D, F, H"
[GDCFI],I,"C, D, F, G, I"
D*H+I*|J*H+,H,"D, H, I, J"
F+|GB|A+FC+|A*H,(ninguno),"A, B, C, F, G, H"
BH*K+F|G+,"F, G","B, F, G, H, K"
BA+I+I|GL+C*,C,"A, B, C, G, I, L"
H*|F*G*|CL+AD+EJD+,(ninguno),"A, C, D, E, F, G, H, J, L"
[FHK]+,"F, H, K","F, H, K"
[JDHLIA],A,"A, D, H, I, J, L"
[BLAK],K,"A, B, K, L"
[KADLHB],B,"A, B, D, H, K, L"
I*B|J*J+,J,"B, I, J"
[DGKF]*,F,"D, F, G, K"
[EGB]+,"B, E, G","B, E, G"
[GEDKCA]*,A,"A, C, D, E, G, K"
[EJHAB],"A, B","A, B, E, H, J"
J*C+|FFF*AB+,(ninguno),"A, B, C, F, J"
C|I*L*BF,F,"B, C, F, I, L"
[CABKFL]*,L,"A, B, C, F, K, L"
L+HA+|F+F*,F,"A, F, H, L"
C+C*|JH+|D*,D,"C, D, H, J"
[KLJEAB]*,(ninguno),"A, B, E, J, K, L"
F+G+G*H*G*|H,"G, H","F, G, H"
[ABGJK]*,K,"A, B, G, J, K"
I+E*FE*D*|I+D+,D,"D, E, F, I"
EL*L*,L,"E, L"
[HLG],"G, L","G, H, L"
[DECJBK]*,K,"B, C, D, E, J, K"
GJ*A+E+|A,A,"A, E, G, J"
F*K*J*J+,J,"F, J, K"
[HGEL]+,L,"E, G, H, L"
[HKLEB]+,B,"B, E, H, K, L"
C+J+|DH+|BBD|E+,(ninguno),"B, C, D, E, H, J"
[LHEBJ]*,J,"B, E, H, J, L"
FA*|A+LI*C+E,E,"A, C, E, F, I, L"
[DLC]+,"C, L","C, D, L"
[EJDICF]+,F,"C, D, E, F, I, J"
JCG|L+AE+,E,"A, C, E, G, J, L"
G+G*|L+A+|A,A,"A, G, L"
[IHDFKG]+,G,"D, F, G, H, I, K"
[KHFJL]*,L,"F, H, J, K, L"
[DAIEGB],"B, G","A, B, D, E, G, I"
AG*C+DG+|EF+,F,"A, C, D, E, F, G"
E*L+D,"D, L","D, E, L"
[GHCBI]*,I,"B, C, G, H, I"
JCEE*E+,E,"C, E, J"
[KDIAH],H,"A, D, H, I, K"
B+BJ*D*I+,I,"B, D, I, J"
[CILB]*,"B, L","B, C, I, L"
[KIE]*,"E, I","E, I, K"
H*B+|A+EE*|F+L+|I+L*G,(ninguno),"A, B, E, F, G, H, I, L"
H+E+IBI|E+E,E,"B, E, H, I"
A|D*G*E,"E, G","A, D, E, G"
[DCBHK]+,K,"B, C, D, H, K"
[AFCB]+,B,"A, B, C, F"
[IBAHK],K,"A, B, H, I, K"
H|FAAJJ+F|E*H*|G+,(ninguno),"A, E, F, G, H, J"
AGA+F*E+|K*,K,"A, E, F, G, K"
[ADIE]*,"E, I","A, D, E, I"
[GLKJC],C,"C, G, J, K, L"
[HCA]*,"A, C, H","A, C, H"
[BKA]*,"A, K","A, B, K"
[GBELI]+,I,"B, E, G, I, L"
[AIB]*,"A, B, I","A, B, I"
BC+B*,"B, C","B, C"
G+HLLDJJ+,J,"D, G, H, J, L"
[IDGCJ],"C, J","C, D, G, I, J"
[FJDE]+,E,"D, E, F, J"
[ADCEB]*,B,"A, B, C, D, E"
E+|JAIJ*GG*J,G,"A, E, G, I, J"
[FLE]+,"E, F","E, F, L"
[KJCG],"C, G","C, G, J, K"
[BLGJ],"G, J","B, G, J, L"
[KBA]*,"A, B","A, B, K"
E|F*G*F,F,"E, F, G"
J+I*F*,"F, I","F, I, J"
B+EICDH*F+,F,"B, C, D, E, F, H, I"
[CHGJA]*,A,"A, C, G, H, J"
[FHJCAE]*,E,"A, C, E, F, H, J"
A*C*|C+LI+,I,"A, C, I, L"
A*I+F+I*F+BH+,H,"A, B, F, H, I"
FE+|I*K+,"I, K","E, F, I, K"
J+H*D+I*D+,D,"D, H, I, J"
D+|J*KI,I,"D, I, J, K"
[FJKC],C,"C, F, J, K"
KKA*E+,"A, E","A, E, K"
[GBIC]+,"C, I","B, C, G, I"
[FJLED]*,D,"D, E, F, J, L"
[KCJBD]*,D,"B, C, D, J, K"
[GAEHFJ]*,J,"A, E, F, G, H, J"
[FBI],"B, F, I","B, F, I"
[JALKDG]+,G,"A, D, G, J, K, L"
[JKHCF]*,F,"C, F, H, J, K"
[JFLGAH]+,H,"A, F, G, H, J, L"
B*E+EB+B+A*,A,"A, B, E"
[KCHADE]*,E,"A, C, D, E, H, K"
[KLEDGC]+,C,"C, D, E, G, K, L"
G*H*LHI,I,"G, H, I, L"
E|DI*J*G*,G,"D, E, G, I, J"
[CJBEL]*,L,"B, C, E, J, L"
A*|D*E+F*F+F*|AD*|G,G,"A, D, E, F, G"
[ICJA]+,A,"A, C, I, J"
G+D+I*|C+L*G+|D,D,"C, D, G, I, L"
[GFCHL]+,L,"C, F, G, H, L"
[JLCAFD]*,(ninguno),"A, C, D, F, J, L"
[IDA],"A, D, I","A, D, I"
B*LG*|H*I*H*H|F+I*,(ninguno),"B, F, G, H, I, L"
[CLJEBA]*,A,"A, B, C, E, J, L"
[DJCI]+,I,"C, D, I, J"
[JBG],"B, G","B, G, J"
K+|HK+|E*K+,K,"E, H, K"
I+A+CJ|G+,G,"A, C, G, I, J"
[CKJL],"J, L","C, J, K, L"
H*L+F*,"F, H, L","F, H, L"
[FKCL]+,L,"C, F, K, L"
[AJBEKF]+,F,"A, B, E, F, J, K"
[ALGBD],D,"A, B, D, G, L"
[GFJK]+,"J, K","F, G, J, K"
[BHE]*,"B, E, H","B, E, H"
[JAIHBL]+,L,"A, B, H, I, J, L"
[IEDLB],B,"B, D, E, I, L"
I+A+|HK*|K+,K,"A, H, I, K"
[FBCK]+,"C, K","B, C, F, K"
[CHIAGD],D,"A, C, D, G, H, I"
J*D*L|H+D+,D,"D, H, J, L"
CHC*L|I*,I,"C, H, I, L"
[JDKAGF]+,F,"A, D, F, G, J, K"
FL*C|IC+|K*HB*,(ninguno),"B, C, F, H, I, K, L"
[AGEF]*,F,"A, E, F, G"
[BHG]*,"B, G, H","B, G, H"
BDL+,"B, D, L","B, D, L"
[BDL]*,"B, D, L","B, D, L"
B+I*|C*J*EG|G,G,"B, C, E, G, I, J"
G+|C+L*|FG+,G,"C, F, G, L"
H*|F+I*|DJ+|FB*B*G|J+J*,J,"B, D, F, G, H, I, J"
K+I|KAA|KC*|HCL|D+B*,(ninguno),"A, B, C, D, H, I, K, L"
[KDFEH]*,H,"D, E, F, H, K"
H+KB+F*|H*GB*E*,(ninguno),"B, E, F, G, H, K"
H*J*KEEK,K,"E, H, J, K"
AL|D+EJ*|D*I*GE+L*|L*,(ninguno),"A, D, E, G, I, J, L"
[ACBG],"B, G","A, B, C, G"
LI*L*F+|DG*|J+,(ninguno),"D, F, G, I, J, L"
B|HL+HK*|K*D,D,"B, D, H, K, L"
[DABE],"B, E","A, B, D, E"
[GJHK]+,"H, K","G, H, J, K"
FG|IG+G*,G,"F, G, I"
DHK*,"H, J, K","D, H, K"
[DLEK]+,K,"D, E, K, L"
[JCDBAH],H,"A, B, C, D, H, J"
[ABL]*,"A, B, L","A, B, L"
[EDF]+,"D, E, F","D, E, F"
F*|F+G*C*|I*,I,"C, F, G, I"
E+CD+,"C, D, E","C, D, E"
[ICKF]+,F,"C, F, I, K"
G*I+|H*B*,B,"B, G, H, I"
[CJHL]*,L,"C, H, J, L"
G|K*LF*|B*B+E*|G*A+,(ninguno),"A, B, E, F, G, K, L"
C*K|B+B*C|B*,B,"B, C, K"
[BECD]+,"C, D","B, C, D, E"
C|KE|I+E*|H+LF*E+,(ninguno),"C, E, F, H, I, K, L"
B*L*L*,"B, L","B, L"
[CFDAJ]+,J,"A, C, D, F, J"
JC*JG*I+,I,"C, G, I, J"
L*|DH|H*J*G*,G,"D, G, H, J, L"
I*|K+A*G+F+L*,L,"A, F, G, I, K, L"
[HCELA]+,A,"A, C, E, H, L"
[HAGLDI],I,"A, D, G, H, I, L"
[BIG]*,"B, G, I","B, G, I"
[CBIKH]*,H,"B, C, H, I, K"
[DIFLG]+,G,"D, F, G, I, L"
K*CE*|G*L+,"G, L","C, E, G, K, L"
[BJACKE]*,(ninguno),"A, B, C, E, J, K"
G+DD,"D, G","D, G"
[JALIKD],D,"A, D, I, J, K, L"
LE*C+|I+A|L+I,I,"A, C, E, I, L"
K*G+K+|A+DD+D*L*,L,"A, D, G, K, L"
BBAH+L+,L,"A, B, H, L"
LC|KJ*,J,"C, J, K, L"
AJ|L+A,A,"A, J, L"
[HGKB]+,"B, K","B, G, H, K"
E+H*HL+|L+,L,"E, H, L"
FB+|D*A+C*D+F+I+|HB,(ninguno),"A, B, C, D, F, H, I"
D+L*C+E+I+|J+,J,"C, D, E, I, J, L"
A+J|H+I*,I,"A, H, I, J"
[BFCJL]*,L,"B, C, F, J, L"
[LIAFE]*,E,"A, E, F, I, L"
[CAH]+,"A, C, H","A, C, H"
E+H+J*|I*H+,H,"E, H, I, J"
[BIJA]+,A,"A, B, I, J"
LA*K+,"A, K","A, K, L"
[DBKC]+,C,"B, C, D, K"
[ABCG]*,"C, G","A, B, C, G"
I*K|B+C|G*C+|D+,D,"B, C, D, G, I, K"
[FJCHBL]+,L,"B, C, F, H, J, L"
[IAJBLD],D,"A, B, D, I, J, L"
F+J*IJ|I+,I,"F, I, J"
J+B*L+I*J*|K+,K,"B, I, J, K, L"
[JFBE]*,E,"B, E, F, J"
F*A*F|G+B+|L*J*J*|BJ*|G*B*,(ninguno),"A, B, F, G, J, L"
G*|F*GJ,"G, J","F, G, J"
[CJEB],B,"B, C, E, J"
[EBDCHL]+,L,"B, C, D, E, H, L"
[DKECFI],I,"C, D, E, F, I, K"
LF*|H+C*|E*A*A*H*I+|D+,(ninguno),"A, C, D, E, F, H, I, L"
[EDL]+,"D, E, L","D, E, L"
[DFIJ],"I, J","D, F, I, J"
[HCLKAG],G,"A, C, G, H, K, L"
[FHA],"A, F, H","A, F, H"
G+|DI|BI+|J+BB+I,I,"B, D, G, I, J"
B+J+G+GHA,A,"A, B, G, H, J"
A*I*|F+G*|D+A*|L,L,"A, D, F, G, I, L"
[BLCK]+,"C, K","B, C, K, L"
F+|AE*|KL|F*L+,L,"A, E, F, K, L"
H*F|G+H+,"F, G, H","F, G, H"
[AEDJCK]+,K,"A, C, D, E, J, K"
I+|I*J*|AAL|G+ICG*,G,"A, C, G, I, J, L"
HCI+D*I*|I+,I,"C, D, H, I"
[EFKHAJ]*,J,"A, E, F, H, J, K"
E*DD*|E,"D, E","D, E"
H+I*|ED+E+AF*H*C,C,"A, C, D, E, F, H, I"
L+|CKB+H*K+|ED+|A+J+K,(ninguno),"A, B, C, D, E, H, J, K, L"
DF+L*,"F, L","D, F, L"
H+JL*F,F,"F, H, J, L"
J+|C*B*D*|BGI+I,I,"B, C, D, G, I, J"
H+C*G*|D+J|E*,E,"C, D, E, G, H, J"
[KAFB]*,B,"A, B, F, K"
[KHGCA],A,"A, C, G, H, K"
[ELKJHD],D,"D, E, H, J, K, L"
[LDHCA]*,A,"A, C, D, H, L"
[CGEJ],"E, G, J","C, E, G, J"
[FHDKAI]+,I,"A, D, F, H, I, K"
[IKCJD],D,"C, D, I, J, K"
[JBKIF]*,F,"B, F, I, J, K"
[LGE],"E, G","E, G, L"
J*E*|G+L|DJ|I+LA*|E*C,(ninguno),"A, C, D, E, G, I, J, L"
J*|F*FJ*K,K,"F, J, K"
G+|L*FK,K,"F, G, K, L"
F+G+|B+K*|B,B,"B, F, G, K"
[IJCD]+,D,"C, D, I, J"
A*AKH*|C,C,"A, C, H, K"
G|L+K+J+C+KI+C*,C,"C, G, I, J, K, L"
IL+|K+ID*|F*,F,"D, F, I, K, L"
[DKFGCE]+,C,"C, D, E, F, G, K"
I+|DE*K*J+A*C|J+D+|G+,(ninguno),"A, C, D, E, G, I, J, K"
GIFH*|B+L,L,"B, F, G, H, I, L"
[FBIJ],"I, J","B, F, I, J"
G*C+DBH+H+K*,K,"B, C, D, G, H, K"
J+K*D+L*H*|FI*AI*,I,"A, D, F, H, I, J, K, L"
[FLIE]+,E,"E, F, I, L"
[JHLKI],I,"H, I, J, K, L"
[HBLAI],"A, I","A, B, H, I, L"
[GFBJ]+,J,"B, F, G, J"
[GLE]+,"E, G","E, G, L"
L|F*D+E+J*|I*H+DL*,(ninguno),"D, E, F, H, I, J, L"
[ABDL]+,"D, L","A, B, D, L"
[KGCAD]*,"A, D","A, C, D, G, K"
[LJA],A,"A, J, L"
D+H*|GD+|BLI,I,"B, D, G, H, I, L"
KBDD+L+|D+G+D|K+A*,(ninguno),"A, B, D, G, K, L"
C+EGK+|D+KE*L+C+,C,"C, D, E, G, K, L"
[AEDL]+,"D, L","A, D, E, L"
GGD*|HA|J*G,G,"A, D, G, H, J"
AL|I+GD,D,"A, D, G, I, L"
[BEAFK],K,"A, B, E, F, K"
[HFEGD]*,D,"D, E, F, G, H"
B+C*E|J*,"C, E, J","B, C, E, J"
[FJLEIC]+,C,"C, E, F, I, J, L"
FGH,"F, G, H","F, G, H"
IC*I*|G+,"G, I","C, G, I"
[HKF]+,"F, H, K","F, H, K"
[JBLGD],D,"B, D, G, J, L"
C|BH|B+C|A+F*D*,(ninguno),"A, B, C, D, F, H"
[CAJ]*,"A, C, J","A, C, J"
[FIAEB],B,"A, B, E, F, I"
[CAGKBE]*,E,"A, B, C, E, G, K"
[AFGB],"B, G","A, B, F, G"
[DBJEL],L,"B, D, E, J, L"
[JAD]+,"A, D","A, D, J"
G+|H+H+|JL*|H+F+FL*|J*K+K+|A+,(ninguno),"A, F, G, H, J, K, L"
JLK,"K, L","J, K, L"
DC+J+H*K*|D,D,"C, D, H, J, K"
I+|L+K*|H+K*L*|L+GD*|C+,(ninguno),"C, D, G, H, I, K, L"
J+|K*LKL+F*|D,(ninguno),"D, F, J, K, L"
[BCALDJ],J,"A, B, C, D, J, L"
[BELC]+,C,"B, C, E, L"
[EGCFI],I,"C, E, F, G, I"
IL*H*|B*,B,"B, H, I, L"
K*F|C*L+C*,C,"C, F, K, L"
[HCLG]+,G,"C, G, H, L"
[KGHB],B,"B, G, H, K"
G+K+D+,"D, K","D, G, K"
I+E+AJ|A*,A,"A, E, I, J"
L*I+|HF*|F*CG+JIC+,C,"C, F, G, H, I, J, L"
[KAB]*,"A, B, K","A, B, K"
K+A*L+,"A, L","A, K, L"
HADJ|L+,L,"A, D, H, J, L"
CEJ*,"C, E, J","C, E, J"
L|LI*KK|K+D,D,"D, I, K, L"
HA|B*C+|D+F|HEI*,(ninguno),"A, B, C, D, E, F, H, I"
[HJL]*,"J, L","H, J, L"
EC+|K*C*H+D+,D,"C, D, E, H, K"
[FGIBEA],A,"A, B, E, F, G, I"
AG+L*,"A, G, L","A, G, L"
F+|G*F+|F*G*|E,G,"E, F, G"
[GFA]*,"A, F, G","A, F, G"
[HKLGJ],J,"G, H, J, K, L"
H+E|F*B+|K*A+DA*|K*E,(ninguno),"A, B, D, E, F, H, K"
E*H*|FBI+D+D+E*|I,I,"B, D, E, F, H, I"
[BJLF],F,"B, F, J, L"
[ECFJ]+,"F, J","C, E, F, J"
KIE*,"E, I","E, I, K"
[JFK]*,"F, J, K","F, J, K"
J+|EA*J+D+F|J*A|I*E*|B+I+,(ninguno),"A, B, D, E, F, I, J"
[ACI]*,"A, C, I","A, C, I"
B+|L+H*|K+J+|K+C|C*I*C,C,"B, C, H, I, J, K, L"
[JAIDH]*,H,"A, D, H, I, J"
[GHJAKF],F,"A, F, G, H, J, K"
[HEGFK],K,"E, F, G, H, K"
FH|J+K|CF*|C+,C,"C, F, H, J, K"
[BFA],"A, F","A, B, F"
J+B+L,"B, L","B, J, L"
[EIF]*,"E, F, I","E, F, I"
E*BA+H*,"A, H","A, B, E, H"
D*D+F*L+I*G*K*C*,C,"C, D, F, G, I, K, L"
[LJK]+,"J, K","J, K, L"
G+L+H+|K,K,"G, H, K, L"
A+|JI+|K*H+H*|A+,"A, H","A, H, I, J, K"
F+A+KEL*,L,"A, E, F, K, L"
J+L+|F+E+I|DF*|I*G,(ninguno),"D, E, F, G, I, J, L"
[IJDF]*,F,"D, F, I, J"
[GKLA]+,A,"A, G, K, L"
CI|L*G+HL*|EE+E+I*,(ninguno),"C, E, G, H, I, L"
[GHC],"C, G, H","C, G, H"
[GHI],"G, H, I","G, H, I"
F|A+L+D|L+L,L,"A, D, F, L"
[JDEAKB],B,"A, B, D, E, J, K"
[DBEF]+,F,"B, D, E, F"
[BHL],"B, H, L","B, H, L"
[ADGHJE],E,"A, D, E, G, H, J"
[KLBD],D,"B, D, K, L"
E+|A*D+GA|BE|B*A*,A,"A, B, D, E, G"
AE+D+C+|I*,I,"A, C, D, E, I"
[ECA]+,"A, C, E","A, C, E"
[IHEA],"A, E","A, E, H, I"
CE+JK,K,"C, E, J, K"
[GIHJ],"H, J","G, H, I, J"
D*|C*J|H+F*A*,A,"A, C, D, F, H, J"
[CHJ]+,"C, H, J","C, H, J"
K|A+CF+|E+,"E, F","A, C, E, F, K"
E*AL|C,C,"A, C, E, L"
[KCEHL],L,"C, E, H, K, L"
[LDFB],B,"B, D, F, L"
[AICJFH],H,"A, C, F, H, I, J"
C+G+HDEF*,F,"C, D, E, F, G, H"
L*LB+,"B, L","B, L"
[HLJEBA]*,A,"A, B, E, H, J, L"
[CIKGEB]*,B,"B, C, E, G, I, K"
GEI+|KG*|J*D*,D,"D, E, G, I, J, K"
L*|LC*L+I+,"I, L","C, I, L"
[KDIB]*,"B, I","B, D, I, K"
A*G*D*BE+,E,"A, B, D, E, G"
[FBGA]+,"A, G","A, B, F, G"
[AKBI]+,"B, I","A, B, I, K"
[HCLIKA],A,"A, C, H, I, K, L"
[LED]+,"D, E, L","D, E, L"
[EKG],"G, K","E, G, K"
G+K*L|G+L*|B*I*H*E,(ninguno),"B, E, G, H, I, K, L"
D*H*J,"H, J","D, H, J"
[BAIJ]*,"I, J","A, B, I, J"
[AEFGK]+,"G, K","A, E, F, G, K"
[LDHFKJ]+,J,"D, F, H, J, K, L"
[DFJH]*,"H, J","D, F, H, J"
JB|J*L|K*I+|J*,J,"B, I, J, K, L"
C*|A+I|J+CL*|A*B+J*|I+,(ninguno),"A, B, C, I, J, L"
[HGELK]+,K,"E, G, H, K, L"
E*D*F+,"D, E, F","D, E, F"
D+FG+|J*A+,A,"A, D, F, G, J"
[LBAKC],C,"A, B, C, K, L"
A*E*|K*JI|E*DEAJ,(ninguno),"A, D, E, I, J, K"
[KBLH]*,H,"B, H, K, L"
[GACLIF]+,F,"A, C, F, G, I, L"
[ICLFE]+,E,"C, E, F, I, L"
[CILFK],K,"C, F, I, K, L"
[IDEHGJ]*,J,"D, E, G, H, I, J"
F|E+D+K+C*,C,"C, D, E, F, K"
[EFH]*,"F, H","E, F, H"
[DEBGFA]*,A,"A, B, D, E, F, G"
E+AJI+L+,"I, L","A, E, I, J, L"
[DCH]+,"C, D, H","C, D, H"
[KAJCFD]+,D,"A, C, D, F, J, K"
[GLDBF]*,F,"B, D, F, G, L"
[AEBG],G,"A, B, E, G"
[DCGALE]*,E,"A, C, D, E, G, L"
[KHG]*,"G, H, K","G, H, K"
K+G*D*|J,J,"D, G, J, K"
[FIBC]+,"B, C","B, C, F, I"
L+|K*BD|G+D+I+|G*,G,"B, D, G, I, K, L"
E+I+B*F*,F,"B, E, F, I"
[DBHKG],"G, K","B, D, G, H, K"
K|LB*A+,A,"A, B, K, L"
I|H+GG*|HBH+,H,"B, G, H, I"
[GLEKIJ]*,"I, J","E, G, I, J, K, L"
LL+FA*GL,L,"A, F, G, L"
[JBCH]+,"C, H","B, C, H, J"
J+|E*E+F+|E+G|L+F+,(ninguno),"E, F, G, J, L"
D+G+G*L+J+|K,K,"D, G, J, K, L"
[IGJKFD]+,D,"D, F, G, I, J, K"
[IHE]+,"E, H, I","E, H, I"
[KID],"D, I","D, I, K"
[FKHEBD]*,D,"B, D, E, F, H, K"
[GJCB]*,B,"B, C, G, J"
C+|HC+D+A*E+A+I*E+|F*,(ninguno),"A, C, D, E, F, H, I"
[HEC],"C, E","C, E, H"
D*D*GA*,"A, G","A, D, G"
K+G+I+|I+I+,I,"G, I, K"
B+C+|D+H+,"D, H","B, C, D, H"
A+A+IA+,"A, I","A, I"
[DLJFGB]*,B,"B, D, F, G, J, L"
[ADG]+,"A, D, G, L","A, D, G"
[AKE]*,"A, E, K","A, E, K"
[JHLF]+,F,"F, H, J, L"
[JILEF]*,F,"E, F, I, J, L"
[ELHJG]*,G,"E, G, H, J, L"
[JGDKC]*,C,"C, D, G, J, K"
[DAH]*,"A, D, H","A, D, H"
[ICK]+,"C, I, K","C, I, K"
[KLDBCF]+,F,"B, C, D, F, K, L"
[LHI],"H, I, L","H, I, L"
F|J+G|G+F+|KI,I,"F, G, I, J, K"
AH*BG+|H*,"G, H","A, B, G, H"
[KGB]+,"B, G, K","B, G, K"
[CKFJGD],D,"C, D, F, G, J, K"
[ILK],"I, K, L","I, K, L"
[BIKGFD],D,"B, D, F, G, I, K"
[IGB],"B, G, I","B, G, I"
[FJHGIL],L,"F, G, H, I, J, L"
[LDIF]+,"F, I","D, F, I, L"
[GHE],"E, G, H","E, G, H"
A*|BH*G|AL+|EGI*|J+,(ninguno),"A, B, E, G, H, I, J, L"
[BLDAF]+,"A, F","A, B, D, F, L"
J*A+|KK|J,"J, K","A, J, K"
[KIF],"F, I","F, I, K"
[EIC]+,"C, E, I","C, E, I"
D*C|JJ|L+F*|J+D+|F*F*,F,"C, D, F, J, L"
[GJH],"G, H, J","G, H, J"
A*G+|GHJ+|K+L+|D*K,K,"A, D, G, H, J, K, L"
H*|AHHI|I+EL+,L,"A, E, H, I, L"
[LFHDEK]+,K,"D, E, F, H, K, L"
[CGKBDL]+,L,"B, C, D, G, K, L"
H|C*C*L+G+CA*|I+B*J,(ninguno),"A, B, C, G, H, I, J, L"
C|ABA*K|E*,E,"A, B, C, E, K"
C*CH*|KF|I*E+J+|D*,(ninguno),"C, D, E, F, H, I, J, K"
D+EE*|G,"E, G","D, E, G"
[EKCFJ],J,"C, E, F, J, K"
F+|CE|B*G+HJ*,J,"B, C, E, F, G, H, J"
[BLEFHD],D,"B, D, E, F, H, L"
CJ*D+G*I*,I,"C, D, G, I, J"
A*|E*A+|B+G+|J*J*F+,(ninguno),"A, B, E, F, G, J"
[CGFJ]*,"F, J","C, F, G, J"
[LKBF]+,F,"B, F, K, L"
D*G*B*B*C+|K*E*CK,(ninguno),"B, C, D, E, G, K"
J*FD|E,E,"D, E, F, J"
K*H*H|B+I*D+|C+C*C*K+|A+,(ninguno),"A, B, C, D, H, I, K"
IDF+|E*K+G+|K+,K,"D, E, F, G, I, K"
G+D+B+A+|H,H,"A, B, D, G, H"
[LDEKFJ]*,J,"D, E, F, J, K, L"
[JDKCE]*,E,"C, D, E, J, K"
[KFC]*,"C, F","C, F, K"
[ADL]+,"A, D, L","A, D, L"
CDG+,"C, D, G","C, D, G"
[GKADCF]+,F,"A, C, D, F, G, K"
KE*GE+K+A*,A,"A, E, G, K"
[DBJ],"B, J","B, D, J"
[KHBEL],L,"B, E, H, K, L"
D+E+J*F,"F, J","D, E, F, J"
[FGCHDK]*,K,"C, D, F, G, H, K"
E*G*G,"E, G","E, G"
C*|EG+|CI|G*K*|K,K,"C, E, G, I, K"
L+|JL*G+C+GC+A+,(ninguno),"A, C, G, J, L"
[DCGFIH]+,H,"C, D, F, G, H, I"
[CIH]*,"C, H, I","C, H, I"
L|L*B+KB+D*D+,D,"B, D, K, L"
[CKJILD]+,D,"C, D, I, J, K, L"
H+H+B*K*J,J,"B, H, J, K"
[IDG],"D, G, I","D, G, I"
[ICB]*,"B, C, I","B, C, I"
[GAEKFD]*,D,"A, D, E, F, G, K"
[LIE]+,"E, I","E, I, L"
L+KC*|B*G|H+G,G,"B, C, G, H, K, L"
[FCB]+,"B, C","B, C, F"
H+AJ+J|J+F,J,"A, F, H, J"
[LBJKEA],A,"A, B, E, J, K, L"
K*|L*E*E+C+|J+,"C, J","C, E, J, K, L"
[IHADCJ]+,J,"A, C, D, H, I, J"
[ECFLJ],J,"C, E, F, J, L"
K*|LKE|KI*|G+,G,"E, G, I, K, L"
G+JE*A+,A,"A, E, G, J"
H|JB+I+|B,B,"B, H, I, J"
[JILBA]+,A,"A, B, I, J, L"
I+|D+J+K*I*,I,"D, I, J, K"
[JEAIK]*,K,"A, E, I, J, K"
[FACB],"B, C","A, B, C, F"
D*|I*I*|JH+|H,H,"D, H, I, J"
G*H+D+|C+D*B*,B,"B, C, D, G, H"
[DKEL],L,"D, E, K, L"
F+|HK*|H+B*|G,G,"B, F, G, H, K"
[DBHIG]+,"G, I","B, D, G, H, I"
J+|C*H|GB*,B,"B, C, G, H, J"
F+|AK+L*C*A*H|E+I,(ninguno),"A, C, E, F, H, I, K, L"
B+AF+,"A, B, F","A, B, F"
[BAHLI]*,I,"A, B, H, I, L"
[JDIG],"G, I","D, G, I, J"
[JCDEG],G,"C, D, E, G, J"
[HIBEAF],"A, F","A, B, E, F, H, I"
I*H*|J+C+E+,"C, E","C, E, H, I, J"
D+|C*C+F*K*C+B*E+,(ninguno),"B, C, D, E, F, K"
G*D+J+E,E,"D, E, G, J"
K*|G+J+D+,D,"D, G, J, K"
[GFIJL],L,"F, G, I, J, L"
[LKDF],F,"D, F, K, L"
[EJGF]*,F,"E, F, G, J"
BH+F+K+H*|EI,I,"B, E, F, H, I, K"
L+H*|E*F|LK+JID*|K*E|A+,(ninguno),"A, D, E, F, H, I, J, K, L"
I*|D+KC+G+,G,"C, D, G, I, K"
B+|D*CH+J+C+E*G*,G,"B, C, D, E, G, H, J"
CA*CD+L|J+L*J,J,"A, C, D, J, L"
[LBCGAH]*,H,"A, B, C, G, H, L"
[HCDBK],K,"B, C, D, H, K"
EA*I|GAK+,"A, K","A, E, G, I, K"
[AHDF]+,F,"A, D, F, H"
[DIEHBC]+,C,"B, C, D, E, H, I"
B*K+E*D+,D,"B, D, E, K"
[HKFLDJ],J,"D, F, H, J, K, L"
[FCEKGL],L,"C, E, F, G, K, L"
[GDK],"D, G, K","D, G, K"
A+FD*,"A, D, F","A, D, F"
[BLCI],"C, I","B, C, I, L"
F*E|E*A+|BL+K+CB+|K*G,G,"A, B, C, E, F, G, K, L"
AH*|I+F*,"F, I","A, F, H, I"
G*L*|IH*C+|BEA+A+|L+,A,"A, B, C, E, G, H, I, L"
[BJDAL],L,"A, B, D, J, L"
[IAH],"A, H, I","A, H, I"
[IHGL],L,"G, H, I, L"
[FGLKAI],I,"A, F, G, I, K, L"
[FCILJ],J,"C, F, I, J, L"
L*DJL*,L,"D, J, L"
[LEIJC]*,C,"C, E, I, J, L"
L+J|IJ+|K+E+|AK*EB,(ninguno),"A, B, E, I, J, K, L"
[GLE]*,"E, G","E, G, L"
[CFE],"C, E, F","C, E, F"
[EDFG]+,"F, G","D, E, F, G"
[FEGB],"B, G","B, E, F, G"
[KDJ]*,"D, J, K","D, J, K"
[LFE]*,"E, F","E, F, L"
A+A+G*H+D,D,"A, D, G, H"
[CKIEF]+,F,"C, E, F, I, K"
[BGCL],"C, L","B, C, G, L"
C+B*|K*I+|D+C+K+A+|BG|G*,G,"A, B, C, D, G, I, K"
[KIBEG]*,G,"B, E, G, I, K"
B*H+L+LFC+,C,"B, C, F, H, L"
[FBADGC]+,"C, G","A, B, C, D, F, G"
[FHAB]+,B,"A, B, F, H"
[IHEKG],G,"E, G, H, I, K"
[HLDK]*,K,"D, H, K, L"
[KCEF]*,F,"C, E, F, K"
[HFLCID],D,"C, D, F, H, I, L"
D+K*L*|A*F*|E+H*,(ninguno),"A, D, E, F, H, K, L"
G*|C+KF,F,"C, F, G, K"
[BCDK]+,K,"B, C, D, K"
J*G+IA|H+A*I*E*,(ninguno),"A, E, G, H, I, J"
[JFED]*,D,"D, E, F, J"
[IFEHCG]*,G,"C, E, F, G, H, I"
[GIALCK],K,"A, C, G, I, K, L"
F*C*IE*|D*E*|DH,(ninguno),"C, D, E, F, H, I"
[FJAGL],"G, L","A, F, G, J, L"
[LJGI]+,I,"G, I, J, L"
IH*D*B,B,"B, D, H, I"
[DCEJH]*,H,"C, D, E, H, J"
[CDL]+,"C, D, L","C, D, L"
[HDA]+,"A, D","A, D, H"
L*|C+F+H*KJL+|H+C*,(ninguno),"C, F, H, J, K, L"
C*JJ*A+,A,"A, C, J"
[LEK]+,"E, K, L","E, K, L"
B*A*C*H+,"C, H","A, B, C, H"
F|CA*|CJDK*C*|EH,(ninguno),"A, C, D, E, F, H, J, K"
[AGHE],"E, H","A, E, G, H"
G*|LH+I*F*|H+G,G,"F, G, H, I, L"
DG*HC+I*B+|G*,G,"B, C, D, G, H, I"
[FGDCAJ],J,"A, C, D, F, G, J"
[AIK]+,"A, I, K","A, I, K"
B*AIC+LB|KAE,(ninguno),"A, B, C, E, I, K, L"
[KBGAJ],J,"A, B, G, J, K"
IFG*G+|K*,"G, K","F, G, I, K"
[KCHAD],"A, D","A, C, D, H, K"
[KLIA],"A, I","A, I, K, L"
[FDAKG]*,G,"A, D, F, G, K"
A+H*|JI,"I, J","A, H, I, J"
[HCBJLG],G,"B, C, G, H, J, L"
JE+|H+L+,L,"E, H, J, L"
[HEIDAB]+,B,"A, B, D, E, H, I"
[FGBAH]*,H,"A, B, F, G, H"
C+|L+K*LL|H+,H,"C, H, K, L"
C*E*C+,"C, E","C, E"
B|HE|G*H*|E+L|A+D*G+|J*K*|C+,(ninguno),"A, B, C, D, E, G, H, J, K, L"
[EJKFDC]*,C,"C, D, E, F, J, K"
GEH,"E, G, H","E, G, H"
L|E*AE*|H*,H,"A, E, H, L"
[KLGAIJ]+,J,"A, G, I, J, K, L"
[KCBG]+,G,"B, C, G, K"
[FCDLH]*,H,"C, D, F, H, L"
[IDAHF]+,"F, H","A, D, F, H, I"
F+J*G+,"G, J","F, G, J"
[AJIG],"G, I","A, G, I, J"
K*|D*D+K*K+|F*AD*|HK*|B*,(ninguno),"A, B, D, F, H, K"
D+KE*HB+|D+,D,"B, D, E, H, K"
[EJBCL],L,"B, C, E, J, L"
F+ECL|H+L|C+F+J+K|I*,(ninguno),"C, E, F, H, I, J, K, L"
J+|IHL|C*H+|E*J+|DC+,(ninguno),"C, D, E, H, I, J, L"
D+I+B+E+|E,E,"B, D, E, I"
L*|F+FJ*,"F, J","F, J, L"
C*A+|B+K+|EC*|G+BA*H*|D*,(ninguno),"A, B, C, D, E, G, H, K"
[HFIBCL],L,"B, C, F, H, I, L"
EC+|EJH+,H,"C, E, H, J"
[BIF]*,"B, F, I","B, F, I"
I+|LL+G+H*,H,"G, H, I, L"
A+H*H+E*B*|KCI+|A+G+,(ninguno),"A, B, C, E, G, H, I, K"
[KEHD],D,"D, E, H, K"
DI+|CL*|AG|L+KB+,(ninguno),"A, B, C, D, G, I, K, L"
H*|C+B*D+,D,"B, C, D, H"
[JAC],"A, C","A, C, J"
[AEG]*,"A, E, G, L","A, E, G"
A+|E+EJ*C+L+|JHF|J*A+|I+,(ninguno),"A, C, E, F, H, I, J, L"
K+|B+E*|A+K*LI|CG*,(ninguno),"A, B, C, E, G, I, K, L"
ED+|H+H+,H,"D, E, H"
L+A|E*J+FI*|L+I+|D*,(ninguno),"A, D, E, F, I, J, L"
LI+B*|EB*,B,"B, E, I, L"
DD*J+IL+CD|I+,I,"C, D, I, J, L"
AA*H+|H+,H,"A, H"
[BFAJE]+,E,"A, B, E, F, J"
I+E|EA+|L+L*,L,"A, E, I, L"
[LCDAJ]*,J,"A, C, D, J, L"
[DLGKC],C,"C, D, G, K, L"
K+H|L*EH*A+,A,"A, E, H, K, L"
[CIGDFA],A,"A, C, D, F, G, I"
[CGI]+,"C, G, I","C, G, I"
[HBG],"B, G","B, G, H"
[GJLFEB],(ninguno),"B, E, F, G, J, L"
[EKBDF]*,F,"B, D, E, F, K"
[BGLHC]+,C,"B, C, G, H, L"
GC+B+A,A,"A, B, C, G"
H*I+K*|B*A*L+,L,"A, B, H, I, K, L"
E+|J+H|J+GA|BC*I*|C,C,"A, B, C, E, G, H, I, J"
[HGKELB]*,B,"B, E, G, H, K, L"
B*GE*HA+H+|I+,I,"A, B, E, G, H, I"
D*|KA+C*,C,"A, C, D, K"
[JHF],"F, H, J","F, H, J"
DD*F|FC+|FJ*K+,(ninguno),"C, D, F, J, K"
A*LD|I+E,E,"A, D, E, I, L"
[AFHE]+,E,"A, E, F, H"
[GLKHE]*,E,"E, G, H, K, L"
L+F+I*G+L|A+J+L,(ninguno),"A, F, G, I, J, L"
K*|GGD|L+,L,"D, G, K, L"
[FEGC]*,"C, G","C, E, F, G"
D*|E*H+H+,H,"D, E, H"
E*KC+G+|A,A,"A, C, E, G, K"
[ABD],"A, B, D","A, B, D"
[JLBD],D,"B, D, J, L"
[HGD]*,"D, G","D, G, H"
[JGA]+,"A, G","A, G, J"
K|ACAL|DK*H,(ninguno),"A, C, D, H, K, L"
D+BI*|D,"D, I","B, D, I"
[CEGKB]+,B,"B, C, E, G, K"
[GEHBL]+,L,"B, E, G, H, L"
L*GK*,"G, K, L","G, K, L"
F*B+F*G+E+|G*CK,(ninguno),"B, C, E, F, G, K"
D*FJJ*|A+H*,H,"A, D, F, H, J"
[AFH]+,"F, H","A, F, H"
[IEGLDH]*,H,"D, E, G, H, I, L"
[DAJ],"A, D, J","A, D, J"
[IKCFJ]+,J,"C, F, I, J, K"
[GBAFD]+,D,"A, B, D, F, G"
L*|J*D*A*GD*|L+FH,(ninguno),"A, D, F, G, H, J, L"
[LBGA]+,"A, G","A, B, G, L"
[AHK],"H, K","A, H, K"
[LDG]+,"D, G, L","D, G, L"
[LAFKJ]+,J,"A, F, J, K, L"
G*L|H*A+J*|K*B*|F,(ninguno),"A, B, F, G, H, J, K, L"
[HDCEFA]+,A,"A, C, D, E, F, H"
[HFK]+,"F, H, J, K","F, H, K"
[AJKHF]*,"F, H","A, F, H, J, K"
[IFC]+,"C, F, I","C, F, I"
K*J+HJ,"H, J","H, J, K"
L*A+|D+H+|A*K|D*,D,"A, D, H, K, L"
[BLKGJD]*,D,"B, D, G, J, K, L"
D+DB*|A*D+I*B*|HB*A+,(ninguno),"A, B, D, H, I"
KID+,"D, I","D, I, K"
[KCH]*,"C, H","C, H, K"
H+FA,"A, F, H","A, F, H"
[DBCJL]*,L,"B, C, D, J, L"
E+|L*E*J+F*FH|CH*,H,"C, E, F, H, J, L"
C+JA*B+G|BK*|H+B*|L*B+,B,"A, B, C, G, H, J, K, L"
[GLAEJK],K,"A, E, G, J, K, L"
DFI+|B,"B, I","B, D, F, I"
[KGCBI]+,I,"B, C, G, I, K"
E|AI+G|K*B+BE*I+,I,"A, B, E, G, I, K"
[ABLEJF],F,"A, B, E, F, J, L"
[KFCBHL]+,L,"B, C, F, H, K, L"
[LDI],"D, I, L","D, I, L"
[GEHJCI],I,"C, E, G, H, I, J"
[EGC]+,"C, E, G","C, E, G"
K+F+E*BC*|K+A+,A,"A, B, C, E, F, K"
FGI*J+I,I,"F, G, I, J"
[IEH]+,"E, H, I","E, H, I"
[LHJD]+,D,"D, H, J, L"
[FKGALH]+,H,"A, F, G, H, K, L"
[IGDJF]+,F,"D, F, G, I, J"
[GJLB],B,"B, G, J, L"
D+HBF+,F,"B, D, F, H"
[FGIH]*,"H, I","F, G, H, I"
L+|GE+|D+IIF*|I*LL+|B*,(ninguno),"B, D, E, F, G, I, L"
[IDEKAG],G,"A, D, E, G, I, K"
[FKGBH]*,H,"B, F, G, H, K"
[LFKIDC],C,"C, D, F, I, K, L"
[DFGJ]+,"G, J","D, F, G, J"
A|C*K*E*A+|E+LG|D+,(ninguno),"A, C, D, E, G, K, L"
[CJBE]+,E,"B, C, E, J"
[ADGC]+,"C, G","A, C, D, G"
C*|CK*F*F|F+GL*,(ninguno),"C, F, G, K, L"
F*G+B*F+L+A|C,C,"A, B, C, F, G, L"
[KBFGH],"G, H","B, F, G, H, K"
[BFHALC],C,"A, B, C, F, H, L"
DD+HG*B,B,"B, D, G, H"
CK*|K+I*I*,I,"C, I, K"
[DCL]+,"C, D, L","C, D, L"
EE+|KI+BG+H|I*J*|L*F*,(ninguno),"B, E, F, G, H, I, J, K, L"
L*J+IL+D+,D,"D, I, J, L"
GL+|I+A+,"A, I","A, G, I, L"
[ELBJGF]*,F,"B, E, F, G, J, L"
[IFLEK]+,K,"E, F, I, K, L"
E+L+|L+JE*|IA+H,(ninguno),"A, E, H, I, J, L"
[DCIE]*,"C, E, I","C, D, E, I"
[KCEBIG]*,G,"B, C, E, G, I, K"
C*G+BJ+D*,D,"B, C, D, G, J"
C*I+L+|J+F*C|KE*G*,G,"C, E, F, G, I, J, K, L"
A+IB+|C+,"B, C","A, B, C, I"
J*DH*,"D, H, J","D, H, J"
[IJBDKF],F,"B, D, F, I, J, K"
[ACBHD]*,D,"A, B, C, D, H"
[GIJHD]*,D,"D, G, H, I, J"
[DIFH]*,"F, H","D, F, H, I"
[AJCKIL]*,"I, L","A, C, I, J, K, L"
[GIKF]+,F,"F, G, I, K"
G+B+I+L*I*,I,"B, G, I, L"
[ICL]*,"C, I, L","C, I, L"
I|J+A+|I+HA*|E*,"A, E","A, E, H, I, J"
[ALKFE]*,E,"A, E, F, K, L"
[FGCDIL]+,L,"C, D, F, G, I, L"
[DGB],"B, G","B, D, G"
BA+E*K*L+G+,G,"A, B, E, G, K, L"
GA*|E*A|L+,"A, L","A, E, G, L"
A*F+G*I+,"G, I","A, F, G, I"
D*E+C*|D*G|K+K*LB,(ninguno),"B, C, D, E, G, K, L"
[CBHLA]*,A,"A, B, C, H, L"
[GFKAJ],J,"A, F, G, J, K"
[JEGBH]*,H,"B, E, G, H, J"
[LHCBD]+,D,"B, C, D, H, L"
FD*|BHD+G+,G,"B, D, F, G, H"
[AHJDBL]*,L,"A, B, D, H, J, L"
K+B+H*B+|D+,D,"B, D, H, K"
[EGFLAC]*,C,"A, C, E, F, G, L"
[AHCJK]+,K,"A, C, H, J, K"
[JKFHD]+,D,"D, F, H, J, K"
[FLGCK]+,"C, K","C, F, G, K, L"
K*K+H*|H*J+|L+B*|C*,C,"B, C, H, J, K, L"
[LGFJBK],K,"B, F, G, J, K, L"
K*F+D,"D, F","D, F, K"
EE*CD,"C, D","C, D, E"
B+C+F+|B*,"B, F","B, C, F"
LL+FAB*|K,K,"A, B, F, K, L"
[JLBF]*,F,"B, F, J, L"
[LJA]+,A,"A, J, L"
[GHFD]*,"D, F","D, F, G, H"
[CJLDKE]*,(ninguno),"C, D, E, J, K, L"
[EGLA],A,"A, E, G, L"
[HGJDL]+,L,"D, G, H, J, L"
[LDHK]*,K,"D, H, K, L"
[DHFEG]+,G,"D, E, F, G, H"
[CLFKI]*,I,"C, F, I, K, L"
[JBGEC],C,"B, C, E, G, J"
D+HG+C*|A,A,"A, C, D, G, H"
[IFDLBG]*,G,"B, D, F, G, I, L"
[BILJ],J,"B, I, J, L"
[BALD]*,D,"A, B, D, L"
[LKHD]*,D,"D, H, K, L"
[DEAKJ],J,"A, D, E, J, K"
[IJFD],D,"D, F, I, J"
[JCF]*,"C, F, J","C, F, J"
[FCHG],"G, H","C, F, G, H"
[LHKDCE],E,"C, D, E, H, K, L"
[KGDC]*,C,"C, D, G, K"
[FIBH]*,H,"B, F, H, I"
C*D+A+,"A, C, D","A, C, D"
K*GF+E*B+D*,D,"B, D, E, F, G, K"
B*LC+C*C*|C*K*G*,G,"B, C, G, K, L"
[BHJF]+,"F, H, J","B, F, H, J"
[JKGCLE],(ninguno),"C, E, G, J, K, L"
[ADC]*,"A, C, D","A, C, D"
[CFAKDB]+,B,"A, B, C, D, F, K"
[LAKHG]*,G,"A, G, H, K, L"
[HIJKEA]*,A,"A, E, H, I, J, K"
HE*|L+A,A,"A, E, H, L"
H+|EAG*L*|AA*E|GK+A*|K,(ninguno),"A, E, G, H, K, L"
F+D*|J+GH+L*H,H,"D, F, G, H, J, L"
LBJ*H*,H,"B, H, J, L"
L*C|AK*,"A, K","A, C, K, L"
[CGDKJE],E,"C, D, E, G, J, K"
[HEKLIG]+,G,"E, G, H, I, K, L"
J*|H*I*|BI*|GD*FG*G+|A*,G,"A, B, D, F, G, H, I, J"
[HLJE],E,"E, H, J, L"
E*D|J*H+D*,D,"D, E, H, J"
[CAEJ]*,"E, J","A, C, E, J"
G+|C+BG*DLH+,(ninguno),"B, C, D, G, H, L"
E+I+J*|I+,I,"E, I, J"
F*I*F+H|A+,A,"A, F, H, I"
L+C*|L+L|B+,"B, L","B, C, L"
G*A+H*I*F+|A+B*F+,F,"A, B, F, G, H, I"
[JBEA],A,"A, B, E, J"
H*H*F*|AH*|BEA*C*|JB,(ninguno),"A, B, C, E, F, H, J"
[IAL],"A, I, L","A, I, L"
C*|F+IJ+B+,B,"B, C, F, I, J"
[AFDJGK]*,K,"A, D, F, G, J, K"
[GFBE]*,E,"B, E, F, G"
[KBD],"B, D, K","B, D, K"
[BIKA]*,A,"A, B, I, K"
D*I*I,"D, I","D, I"
[DFCJBL]+,L,"B, C, D, F, J, L"
[HAGFBE]*,E,"A, B, E, F, G, H"
GK+IJ+GF|D+A+B|C,(ninguno),"A, B, C, D, F, G, I, J, K"
[KIALF],F,"A, F, I, K, L"
EB*L|C*,C,"B, C, E, L"
[CJHGLI]+,I,"C, G, H, I, J, L"
[IGLD],D,"D, G, I, L"
H*|G*H+|KLDF*E+,(ninguno),"D, E, F, G, H, K, L"
HH*|L+GD,D,"D, G, H, L"
[LIEHDK]*,K,"D, E, H, I, K, L"
[BLJGCA],A,"A, B, C, G, J, L"
[DFB]+,"B, F","B, D, F"
J+|E*KH*EL,L,"E, H, J, K, L"
[ALDG]*,"D, G","A, D, G, L"
G*GC*,"C, G","C, G"
[KHJ]+,"H, J, K","H, J, K"
[KGLCFJ],J,"C, F, G, J, K, L"
[AFILJ],J,"A, F, I, J, L"
[AFGLB],B,"A, B, F, G, L"
L*IC+A|C*I+,"C, I","A, C, I, L"
C+FB+L*H*J+,J,"B, C, F, H, J, L"
[AGLHC],C,"A, C, G, H, L"
[LBEG]+,G,"B, E, G, L"
[HGF],"F, G, H","F, G, H"
[JHBEIK]*,K,"B, E, H, I, J, K"
G*I+|L*K+A+|K+A*LL+,L,"A, G, I, K, L"
[JBLF]*,F,"B, F, J, L"
D+E*|A+D+|JG*,G,"A, D, E, G, J"
H+C|D+J+,J,"C, D, H, J"
[ELIFJ],J,"E, F, I, J, L"
JB+L+I*,"I, L","B, I, J, L"
I+J*JJ*,J,"I, J"
JHC*E+,"C, E","C, E, H, J"
[JEDAIB]+,B,"A, B, D, E, I, J"
[BHGJL]+,L,"B, G, H, J, L"
KC*H*|FLC*H+I,(ninguno),"C, F, H, I, K, L"
E+|AL*F*LL,L,"A, E, F, L"
GA*H*B+B+|HL*|G*,G,"A, B, G, H, L"
D+E*F|E*K*F*,F,"D, E, F, K"
JFL|K+,K,"F, J, K, L"
[JKCB]*,B,"B, C, J, K"
DK*B*|K+A+K+L*B*B+|K*,(ninguno),"A, B, D, K, L"
A+|G+C+E+C*C|J+H+,H,"A, C, E, G, H, J"
H*K+L+H*G+|K*,K,"G, H, K, L"
[EKHBIL]*,L,"B, E, H, I, K, L"
[GAFK]*,"F, K","A, F, G, K"
[HGBFI]*,I,"B, F, G, H, I"
[LBDAJG]*,G,"A, B, D, G, J, L"
[FGJCHA]*,A,"A, C, F, G, H, J"
D*|F+A+C+J*,"C, J","A, C, D, F, J"
[ECJFI]+,I,"C, E, F, I, J"
[BJHFAI],I,"A, B, F, H, I, J"
[FBDJ],J,"B, D, F, J"
C|I*L+G*D+E*E,E,"C, D, E, G, I, L"
H+F+J*,"F, H, J","F, H, J"
K|IDGL+|C,C,"C, D, G, I, K, L"
G+E|FH*|F*,"F, H","E, F, G, H"
G+G*JIA+|E+C*|H*,(ninguno),"A, C, E, G, H, I, J"
H+|GB+|K+LD+|F*,F,"B, D, F, G, H, K, L"
[LFEC],C,"C, E, F, L"
J*LL|E*A+,A,"A, E, J, L"
H+H+|BI*,I,"B, H, I"
[DLE]*,"D, E, L","D, E, L"
[JBL]*,"B, L","B, J, L"
[CFJEB],B,"B, C, E, F, J"
HK+|A+G*|EH|I+J+K*|D+,(ninguno),"A, D, E, G, H, I, J, K"
[AKB],"A, B, K","A, B, K"
F*|DJ*|I*J,J,"D, F, I, J"
[CHJLD]*,D,"C, D, H, J, L"
[JCHKEI]+,I,"C, E, H, I, J, K"
C*J*|DF|B*JE+,(ninguno),"B, C, D, E, F, J"
G+EJ+H+,"H, J","E, G, H, J"
[FDKA]+,A,"A, D, F, K"
D+I*LG*,G,"D, G, I, L"
[IDGFC]+,C,"C, D, F, G, I"
[JILA]+,A,"A, I, J, L"
[BLCDK],K,"B, C, D, K, L"
C+|A*C+C|D*CLD*|G+,(ninguno),"A, C, D, G, L"
AK*|E*E*|E*L*K|EL*I,(ninguno),"A, E, I, K, L"
GB+|FL*|J,J,"B, F, G, J, L"
[BLJIEK]*,K,"B, E, I, J, K, L"
[LGHEFA]+,A,"A, E, F, G, H, L"
GC+|C*A*,"A, C","A, C, G"
[CJEKD],D,"C, D, E, J, K"
[JIF]*,"F, I","F, I, J"
[EABDKG]*,G,"A, B, D, E, G, K"
I*L|F+K|L+C*G*HD+,(ninguno),"C, D, F, G, H, I, K, L"
[FCDKAE]*,E,"A, C, D, E, F, K"
[EBALGF]*,F,"A, B, E, F, G, L"
[GLJFH]*,H,"F, G, H, J, L"
BA|K*B+B+K*|G*KH*,(ninguno),"A, B, G, H, K"
[BAJG],G,"A, B, G, J"
F*E+J+,"E, F, J","E, F, J"
[LEBKH]+,H,"B, E, H, K, L"
[CBEHFL]*,L,"B, C, E, F, H, L"
B|G+E+D*|FL+A+G*,G,"A, B, D, E, F, G, L"
FGBE*|L+A+D,D,"A, B, D, E, F, G, L"
[IAGD],"D, G","A, D, G, I"
LK+E*J+|A,A,"A, E, J, K, L"
[GDIB],"B, I","B, D, G, I"
[JGKLAC],C,"A, C, G, J, K, L"
E|D*E*|C*H*|H+D*G+|H*,H,"C, D, E, G, H"
F+K|HEG+L*G+,G,"E, F, G, H, K, L"
FG+E+F*|J,J,"E, F, G, J"
A*G*I*L*|I+,I,"A, G, I, L"
B+J|H*A+|CB*,B,"A, B, C, H, J"
H+D*F*|DD|K*E*|JC|C+,C,"C, D, E, F, H, J, K"
[EJBFKD],D,"B, D, E, F, J, K"
L+|DK+G+|H*B,B,"B, D, G, H, K, L"
A*G*|G*D,"D, G","A, D, G"
F*HF*|H*L+,L,"F, H, L"
E+F+K*IC*D*J*|GH*,(ninguno),"C, D, E, F, G, H, I, J, K"
[BGF]+,"B, F, G","B, F, G"
[BHFE]*,"E, F","B, E, F, H"
[EJKH]+,H,"E, H, J, K"
[KLCGHI]*,I,"C, G, H, I, K, L"
[AECL],"C, L","A, C, E, L"
[IDBEHF]*,F,"B, D, E, F, H, I"
C*IG*|A+,A,"A, C, G, I"
G+I*|EF*H+,"F, H","E, F, G, H, I"
[KGJCFI]+,I,"C, F, G, I, J, K"
L*GI*K+I+L*H*I|C,(ninguno),"C, G, H, I, K, L"
KA+F+,"A, F","A, F, K"
[CFIL],"I, L","C, F, I, L"
FK+L|B*,B,"B, F, K, L"
J+|J+L*|JE*,E,"E, J, L"
[JKG]+,"G, K","G, J, K"
[ACBKEL]+,L,"A, B, C, E, K, L"
A*|K*H*|ID+|L+,L,"A, D, H, I, K, L"
[HELAD],"A, D","A, D, E, H, L"
[HIADKE]+,E,"A, D, E, H, I, K"
E*I*A|L*B|D*H+D*,D,"A, B, D, E, H, I, L"
[KGB],"B, G, K","B, G, K"
[DKHJ]+,"H, J","D, H, J, K"
[EJGLCK]*,K,"C, E, G, J, K, L"
D+IEK+I*D+K*,K,"D, E, I, K"
E+|DEE+G*|C*,"C, G","C, D, E, G"
K+I*|I*K+LG+,G,"G, I, K, L"
[BDI],"B, D, I, L","B, D, I"
[JCI]+,"C, I","C, I, J"
H+I+|H+K+K*,K,"H, I, K"
[LJIE]+,E,"E, I, J, L"
[FGBED]*,D,"B, D, E, F, G"
[JIKBEF]*,F,"B, E, F, I, J, K"
C*H+H*,"C, H","C, H"
[FDH]*,"D, F, H","D, F, H"
H*|E*G+K+B*,B,"B, E, G, H, K"
[CIHLF]*,F,"C, F, H, I, L"
[EJDCB],B,"B, C, D, E, J"
[LGEH]+,H,"E, G, H, L"
C|B*K+E+D*C*H+|J+,(ninguno),"B, C, D, E, H, J, K"
B*|C*L+H+,"H, L","B, C, H, L"
[IAL]*,"A, I, L","A, I, L"
[HGI],"G, I","G, H, I"
F+A*|I*C|FA*GA+H+,(ninguno),"A, C, F, G, H, I"
E|B+F+H+G,G,"B, E, F, G, H"
[GKAL],"A, L","A, G, K, L"
[HFBL]+,L,"B, F, H, L"
[ABGEKL],L,"A, B, E, G, K, L"
I*F+L+,"F, I, L","F, I, L"
[DHIF]*,"F, I","D, F, H, I"
G|K*L|GGBE+I*J|F*,(ninguno),"B, E, F, G, I, J, K, L"
KK*|HECE|B+B*H+I,(ninguno),"B, C, E, H, I, K"
[KJLIGC]+,C,"C, G, I, J, K, L"
L*F+G*B*,"B, G","B, F, G, L"
A*H|B+AG*,"A, G","A, B, G, H"
L*CE+|E+D|C+E+,E,"C, D, E, L"
L*K+B*|K*,"B, K","B, K, L"
J+I*J*|CE+I*|BD*D*H,(ninguno),"B, C, D, E, H, I, J"
[AJEH]*,H,"A, E, H, J"
KD*A*,"A, D","A, D, K"
F*J+H+BJK+,K,"B, F, H, J, K"
[ACHLK],K,"A, C, H, K, L"
[CFALED]+,D,"A, C, D, E, F, L"
H+A+|A+EK*,"A, K","A, E, H, K"
[KFI],"F, I","F, I, K"
[JBAE]*,"A, E","A, B, E, J"
[AILB],B,"A, B, I, L"
[BJIAGH],H,"A, B, G, H, I, J"
[JCLG]+,G,"C, G, J, L"
[KJGCBI]+,I,"B, C, G, I, J, K"
[CKJLDB]*,B,"B, C, D, J, K, L"
[LAJBK]*,K,"A, B, J, K, L"
[AFCJK]*,K,"A, C, F, J, K"
[BJGL]*,"G, L","B, G, J, L"
[BEIA],"A, I","A, B, E, I"
[KDEA]+,A,"A, D, E, K"
D*|D+C|C+I*J*B+G+|C*K+,(ninguno),"B, C, D, G, I, J, K"
F*|A*J+FG*I+G,G,"A, F, G, I, J"
[ABHLDI]+,I,"A, B, D, H, I, L"
[BDJKF],F,"B, D, F, J, K"
[CAL]+,"A, C, L","A, C, L"
J+E+|KA*|FHK,K,"A, E, F, H, J, K"
IL*|K*I|D+,"D, I","D, I, K, L"
L*|DJ+|I*L*GF*D+|JB+,(ninguno),"B, D, F, G, I, J, L"
[FLI]+,"I, L","F, I, L"
F*|BB*I+E+|A,A,"A, B, E, F, I"
F+F+|IL|I*H*I*C+GA,(ninguno),"A, C, F, G, H, I, L"
H+|FC+|KD+,D,"C, D, F, H, K"
[GEIAD]*,"A, D","A, D, E, G, I"
[GHFA],"A, F","A, F, G, H"
[CHFI]+,"F, I","C, F, H, I"
K+I*DJ+|C,C,"C, D, I, J, K"
[AJF]+,"A, F, J","A, F, J"
[EKALDC]+,C,"A, C, D, E, K, L"
A*L+DB*F*|LH,(ninguno),"A, B, D, F, H, L"
[CLHK],K,"C, H, K, L"
[EBIJ]*,"I, J","B, E, I, J"
KF+D+|HJ*|C*C+B*B*E|A+,(ninguno),"A, B, C, D, E, F, H, J, K"
GJ+B+|LC*BF*A+L,(ninguno),"A, B, C, F, G, J, L"
[GKJE]+,E,"E, G, J, K"
[GFEK]*,K,"E, F, G, K"
[HLEGJ]+,"G, J","E, G, H, J, L"
[ILFAG]*,G,"A, F, G, I, L"
A*E+C+K*|E*,E,"A, C, E, K"
[GIADHK],K,"A, D, G, H, I, K"
G|EL+L+B*I*H*JH*,H,"B, E, G, H, I, J, L"
[AIJ]*,"A, I, J","A, I, J"
[DALCE]+,"C, E","A, C, D, E, L"
LB+G+|F*K+|JF*|C*C+J*|I+G+,(ninguno),"B, C, F, G, I, J, K, L"
G+I+|I*AJ+F*F+F|J*,(ninguno),"A, F, G, I, J"
[ICAE],"A, C, E","A, C, E, I"
[GLKD]+,D,"D, G, K, L"
F|GC*A+K+J+|C*L*A+G*|J+,(ninguno),"A, C, F, G, J, K, L"
E|GG+D*K+,"G, K","D, E, G, K"
C|IG*F*,F,"C, F, G, I"
[JADFI],I,"A, D, F, I, J"
[HDKFCG]+,G,"C, D, F, G, H, K"
B*F+A*|J+ID,D,"A, B, D, F, I, J"
[BDGC],"C, G","B, C, D, G"
[IHJ],"H, I, J","H, I, J"
[ADKCH]+,H,"A, C, D, H, K"
L+IL,"I, L","I, L"
I|AIJ+L+D,D,"A, D, I, J, L"
HE*C|I+HL+|A*LH+G*,(ninguno),"A, C, E, G, H, I, L"
F|JC*|FL*K+J+,J,"C, F, J, K, L"
[KJECLG]*,G,"C, E, G, J, K, L"
[GECAJD]*,D,"A, C, D, E, G, J"
H|H+I+|LB+|D,D,"B, D, H, I, L"
DJ*BLLI+|E+F+,(ninguno),"B, D, E, F, I, J, L"
J+G+|F*K|HL*B|FB|G+F*|I*,(ninguno),"B, F, G, H, I, J, K, L"
I+I|KH+,"H, I","H, I, K"
[IDGL],"G, L","D, G, I, L"
F+F+|IH+|J+L*GD|IL|E,(ninguno),"D, E, F, G, H, I, J, L"
D*BCK,"C, K","B, C, D, K"
[HEKCD]+,D,"C, D, E, H, K"
A*EE*|CBK*I+,I,"A, B, C, E, I, K"
H+F*H|H+,"F, H","F, H"
F+I*B,"B, I","B, F, I"
[DCBG]+,G,"B, C, D, G"
L*C+K*D*CJ+,J,"C, D, J, K, L"
JA*A|AG*DB*,(ninguno),"A, B, D, G, J"
[ILAFJD],D,"A, D, F, I, J, L"
E+G*F|LFI*|L+C*|K*B|GC+|E+,(ninguno),"B, C, E, F, G, I, K, L"
J*A*|BB+,B,"A, B, J"
[BAIJF],F,"A, B, F, I, J"
[LIHFC]+,C,"C, F, H, I, L"
[AJGIH],H,"A, G, H, I, J"
[JHID],D,"D, H, I, J"
E+L|G*G*|HKB+,B,"B, E, G, H, K, L"
L*|KJ*K+K+|J,"J, K","J, K, L"
[EHFJ],"F, H, J","E, F, H, J"
E+A+|F*EA+L+A+I*,"A, I","A, E, F, I, L"
KI*E,"E, I","E, I, K"
[LAB]+,"A, B","A, B, L"
E+|KA+|I*A+|B*E|JC*|ID*,(ninguno),"A, B, C, D, E, I, J, K"
H*A|K+I*HF*B,(ninguno),"A, B, F, H, I, K"
[HGJEDF]*,F,"D, E, F, G, H, J"
J+A|F+L*B*|FD,(ninguno),"A, B, D, F, J, L"
[CKFE]*,"E, F","C, E, F, K"
G+L+|G+HE*B*J*J,J,"B, E, G, H, J, L"
JLFD,D,"D, F, J, L"
[ADF]*,"A, D, F","A, D, F"
[BGLEHC],C,"B, C, E, G, H, L"
[ELDC],C,"C, D, E, L"
J|I*G*C*A*|G*L+G+,G,"A, C, G, I, J, L"
GA*G|F,"F, G","A, F, G"
[CHBJFE],E,"B, C, E, F, H, J"
H*|AHL,"H, L","A, H, L"
[GHAIJ]+,"I, J","A, G, H, I, J"
[IEA]+,"A, E, I","A, E, I"
[KBFIA],A,"A, B, F, I, K"
[HLIGBF]+,F,"B, F, G, H, I, L"
[CDFK]+,"F, K","C, D, F, K"
[GJFE],E,"E, F, G, J"
[HDIAB]+,B,"A, B, D, H, I"
[IGJFH]*,H,"F, G, H, I, J"
[EBDF]+,F,"B, D, E, F"
[FBJDE]+,E,"B, D, E, F, J"
J+K+|C*L+|H*C+|J,(ninguno),"C, H, J, K, L"
[BGIKH]*,H,"B, G, H, I, K"
[GIL],"G, I, L","G, I, L"
J+F+|C+L+L+,L,"C, F, J, L"
[GIJ]*,"G, I, J","G, I, J"
[BHJG],G,"B, G, H, J"
[LBAGH]*,"G, H","A, B, G, H, L"
K*D*F,"D, F","D, F, K"
D+C|C+K*A*E,E,"A, C, D, E, K"
[EGDFL]*,L,"D, E, F, G, L"
C+L*HC+|L*,"C, L","C, H, L"
D+K+B*|E*,E,"B, D, E, K"
[KCHB],B,"B, C, H, K"
D|CB+E+H*D*K+L*D*|F*,(ninguno),"B, C, D, E, F, H, K, L"
[DGA]*,"A, G","A, D, G"
J+|A+H|HL,"H, L","A, H, J, L"
[JGLKE],E,"E, G, J, K, L"
[DEKHLA]+,A,"A, D, E, H, K, L"
K*D*|AE+|J+L|F+B*|E*D+D+|H+,(ninguno),"A, B, D, E, F, H, J, K, L"
K*B+JGG+,G,"B, G, J, K"
[DIGFEC]*,C,"C, D, E, F, G, I"
[LGF]+,"F, G","F, G, L"
JB*|G+F*BK*,K,"B, F, G, J, K"
ADJ*D*J+F*,F,"A, D, F, J"
A+J+L*|H+B*C*|A+J+,(ninguno),"A, B, C, H, J, L"
L|DBF+GI|I*D+J*K*,(ninguno),"B, D, F, G, I, J, K, L"
I*FH|I*D*A+,A,"A, D, F, H, I"
I*K+A*B*F+IG*,G,"A, B, F, G, I, K"
[JDKE]+,E,"D, E, J, K"
[LAKHGF]*,F,"A, F, G, H, K, L"
[FCBKD]+,D,"B, C, D, F, K"
GG+K+C+E*C*|E+,"C, E","C, E, G, K"
[JKDLC],C,"C, D, J, K, L"
HEI*|D+,"D, I","D, E, H, I"
K|KB+A+L+|K+I*|H*C*L+|D*,(ninguno),"A, B, C, D, H, I, K, L"
H*A+|EI*,"E, I","A, E, H, I"
G*|I+I+|G*B*KE*|J+,J,"B, E, G, I, J, K"
[ECI],"C, E, I","C, E, I"
[KGEH]+,H,"E, G, H, K"
[KDFIA],A,"A, D, F, I, K"
[DHC]*,"C, H","C, D, H"
[BLJGH]+,H,"B, G, H, J, L"
L*F+H*|B*BF+|D+FJ*,(ninguno),"B, D, F, H, J, L"
EAK*|K*G+,"G, K","A, E, G, K"
A*|HI|C+IG|GE+|DE|F+,(ninguno),"A, C, D, E, F, G, H, I"
B*DG*D,"D, G","B, D, G"
[KEF],"E, F","E, F, K"
[HEDC],C,"C, D, E, H"
[FCDKG],G,"C, D, F, G, K"
A*|C+KB|B*K*|J+L*,L,"A, B, C, J, K, L"
[HLCKJF],F,"C, F, H, J, K, L"
G*D+CH,"C, H","C, D, G, H"
[AELJBC],C,"A, B, C, E, J, L"
D+GL*|D*F+E*,(ninguno),"D, E, F, G, L"
[KLD]+,"D, L","D, K, L"
A+|E*F*E*D*|EK*,(ninguno),"A, D, E, F, K"
[LDBEA],A,"A, B, D, E, L"
[LAHIB],B,"A, B, H, I, L"
E+F+|I*D+J*,J,"D, E, F, I, J"
[HEJI]*,"I, J","E, H, I, J"
[DEKLJC]*,C,"C, D, E, J, K, L"
I*|E*K|K*G|H+C+,C,"C, E, G, H, I, K"
[LAHB]*,B,"A, B, H, L"
[DCLIGF]+,F,"C, D, F, G, I, L"
[GIKE]+,E,"E, G, I, K"
[JCHL]+,L,"C, H, J, L"
GGI+|H*,"G, H, I","G, H, I"
C+CG|J+H,H,"C, G, H, J"
I*IL,"I, L","I, L"
B*G|I+D*E+J+|E,E,"B, D, E, G, I, J"
[LIC]*,"C, I, L","C, I, L"
[EGBJ]*,"G, J","B, E, G, J"
CK*I|HH+E+E*A|BK*|C*,(ninguno),"A, B, C, E, H, I, K"
[AJCKH]*,H,"A, C, H, J, K"
A+F*L*I|G+,"G, I","A, F, G, I, L"
B*|G+CHKI*,I,"B, C, G, H, I, K"
D*I+CK*|H*,H,"C, D, H, I, K"
B*|LK+K|JE+|E*D+|L+,(ninguno),"B, D, E, J, K, L"
AH*|A*B+,"A, B","A, B, H"
[CLF]*,"C, F, L","C, F, L"
E*|B*G*B+B*|G+,"B, G","B, E, G"
E*B+JK+G*,G,"B, E, G, J, K"
D|G*AAL*K+H+C+E,(ninguno),"A, C, D, E, G, H, K, L"
A+|FI*|HE+C*|FH*,H,"A, C, E, F, H, I"
[FLBGH]*,"G, H","B, F, G, H, L"
[GLBI]+,I,"B, G, I, L"
B+J*H*|I*B*|A*F+K*,(ninguno),"A, B, F, H, I, J, K"
[ECGDA],A,"A, C, D, E, G"
[KLG]+,"G, K, L","G, K, L"
[JCL]*,"C, L","C, J, L"
K+A*IA|AL|E*,"A, E","A, E, I, K, L"
[CFD]*,"C, D, F","C, D, F"
[KHGEJC],C,"C, E, G, H, J, K"
[FGHDBA]+,A,"A, B, D, F, G, H"
[GEHI],"H, I","E, G, H, I"
[GJD]*,"D, J","D, G, J"
C+|B*D*|K+B|A,A,"A, B, C, D, K"
[JBCA],A,"A, B, C, J"
[DGJK],"J, K","D, G, J, K"
[DJFB]+,B,"B, D, F, J"
[GFEB],B,"B, E, F, G"
[HFJ]*,"F, H, J","F, H, J"
A+D+|B*K*,"B, K","A, B, D, K"
[JALDIC]*,C,"A, C, D, I, J, L"
ILE|F*C*H*|CA|L*I*,(ninguno),"A, C, E, F, H, I, L"
[JBCD]*,D,"B, C, D, J"
BE|I*A*,"A, I","A, B, E, I"
[HFL]+,"F, H, L","F, H, L"
K+EKB+F+G*,G,"B, E, F, G, K"
J*|B+BL*,"B, L","B, J, L"
K|H*AH+C|F+,F,"A, C, F, H, K"
C+|KKE+,"E, K","C, E, K"
[KFGCBI]+,I,"B, C, F, G, I, K"
[HBECK],"C, K","B, C, E, H, K"
[FAKJH]+,H,"A, F, H, J, K"
FA*B*K,"B, K","A, B, F, K"
[HLFCAB],B,"A, B, C, F, H, L"
[CAFEJD],D,"A, C, D, E, F, J"
[GLAE]+,"A, E","A, E, G, L"
[CGK]+,"C, G, K","C, G, K"
GF|CD+J*,J,"C, D, F, G, J"
[HFC],"C, F, H","C, F, H"
[LFDCH],H,"C, D, F, H, L"
C+|FJ|HH+|A+J*D*D,D,"A, C, D, F, H, J"
A+B*J|K+G,G,"A, B, G, J, K"
AK*I*B+,"B, I","A, B, I, K"
[JLK]*,"K, L","J, K, L"
B*BG+,"B, G, K","B, G"
[KACHLE],E,"A, C, E, H, K, L"
[ICLB]*,"B, L","B, C, I, L"
[LKBIH],H,"B, H, I, K, L"
E+|DG*K*J+|LGE*|E,E,"D, E, G, J, K, L"
[JEHF]+,"F, H","E, F, H, J"
[HIFGLJ]+,J,"F, G, H, I, J, L"
[FKEIH],H,"E, F, H, I, K"
A*F+K*|A+,A,"A, F, K"
CK*A+F*|EL*C*E*,(ninguno),"A, C, E, F, K, L"
ALE+|C+L*,"C, L","A, C, E, L"
[EACBI]*,I,"A, B, C, E, I"
A+|G*L*G+F*H,H,"A, F, G, H, L"
[CEFBJ],J,"B, C, E, F, J"
[LCBJHA]*,A,"A, B, C, H, J, L"
G*|I*BA+J*|L+C+I*J|CJ|E*,(ninguno),"A, B, C, E, G, I, J, L"
D*H|EJH,H,"D, E, H, J"
C*J+B+K+|B+A*J+|IC*,(ninguno),"A, B, C, I, J, K"
[KFDBC],C,"B, C, D, F, K"
[EGBILH]+,H,"B, E, G, H, I, L"
[AKFI]*,I,"A, F, I, K"
B+II*I|BD+,D,"B, D, I"
J+|D*J*G|K*,K,"D, G, J, K"
[KFD],"D, F","D, F, K"
[KGJELB]*,B,"B, E, G, J, K, L"
F*|K*JK+G+,"G, K","F, G, J, K"
H*|KC*|D*G+,G,"C, D, G, H, K"
[LEIJCH]*,H,"C, E, H, I, J, L"
[LKHDG]+,G,"D, G, H, K, L"
[ICJAL]+,"A, L","A, C, I, J, L"
A+CB*,"A, B, C","A, B, C"
HH+|B*C+|A*K|A+H*,H,"A, B, C, H, K"
[LCFJE],E,"C, E, F, J, L"
[CEA]+,"A, C, E","A, C, E"
J|KJL+|B*AD*|I+A+,A,"A, B, D, I, J, K, L"
[GJDL],L,"D, G, J, L"
C+E*LL*|H+,H,"C, E, H, L"
[CDKHGF]*,F,"C, D, F, G, H, K"
[IEDJK]*,K,"D, E, I, J, K"
[BLAJHI],I,"A, B, H, I, J, L"
E+|L+J+C*|F,F,"C, E, F, J, L"
F*L+|I+KE*FI+E+|K*,(ninguno),"E, F, I, K, L"
G+I*|F+H*BJ*|J*,J,"B, F, G, H, I, J"
[DIECKJ]+,J,"C, D, E, I, J, K"
[LCIE],"C, E, I","C, E, I, L"
A+G*J*,"A, G, J","A, G, J"
H|D+KF+GJ*,J,"D, F, G, H, J, K"
[EJBGKI]+,I,"B, E, G, I, J, K"
[KFDJH],H,"D, F, H, J, K"
[CKD]*,"D, K","C, D, K"
K*|D*H*J+L*|JI+H+JC+|H*,(ninguno),"C, D, H, I, J, K, L"
[EHCGI],I,"C, E, G, H, I"
[BILFE]+,E,"B, E, F, I, L"
[DELIF]*,F,"D, E, F, I, L"
LC+LA+|IC*K|J+,(ninguno),"A, C, I, J, K, L"
E*C|HL+,L,"C, E, H, L"
K*LKK|LB+G*F*,(ninguno),"B, F, G, K, L"
[ALG]+,"A, G, L","A, G, L"
JIK+|H+JHB+|F*J*,J,"B, F, H, I, J, K"
[EFH]+,"F, H","E, F, H"
[DIC]+,"C, D, I","C, D, I"
D+L*J+|E,E,"D, E, J, L"
A+|I*B|J+F+,F,"A, B, F, I, J"
CI+|IK+|C+,C,"C, I, K"
[GAL]+,"A, G, L","A, G, L"
[CAIJEH]+,H,"A, C, E, H, I, J"
[IGAC],"A, C","A, C, G, I"
[FAHLJ]+,J,"A, F, H, J, L"
D|I+L|E+C*G+B+,(ninguno),"B, C, D, E, G, I, L"
[GLEB],B,"B, E, G, L"
B+|C*DIJ*|H*H*,H,"B, C, D, H, I, J"
KF|G+I+A*,A,"A, F, G, I, K"
K*|B*J+A+L*,L,"A, B, J, K, L"
[IGJAH]+,"A, H","A, G, H, I, J"
[LIC]+,"C, I, L","C, I, L"
[FAHKI]*,I,"A, F, H, I, K"
[LBHK]*,K,"B, H, K, L"
F+J+B+|A*,A,"A, B, F, J"
[HLKFEC],C,"C, E, F, H, K, L"
C*|J+I*|C+D+|H*L*H+D*,D,"C, D, H, I, J, L"
I*D+E*L+D+,D,"D, E, I, L"
I+GJE*|FCG*|J*,(ninguno),"C, E, F, G, I, J"
DG*I*D+F+|B,B,"B, D, F, G, I"
[ADHEI],I,"A, D, E, H, I"
AA+C+|I*C*E,"C, E","A, C, E, I"
[LDJI]+,I,"D, I, J, L"
L*C*H*|E*A+|K*L*|H*L*|BI*H+,(ninguno),"A, B, C, E, H, I, K, L"
[KLF],"F, L","F, K, L"
F+C|H*D*E+G*E|F*H*L+|K,(ninguno),"C, D, E, F, G, H, K, L"
[JGBK],K,"B, G, J, K"
D+JB*G+,G,"B, D, G, J"
[BGAHE]+,E,"A, B, E, G, H"
[EGAIB]+,B,"A, B, E, G, I"
[IFALH]*,H,"A, F, H, I, L"
[AJFGB]+,"B, G","A, B, F, G, J"
[FBIL]+,"I, L","B, F, I, L"
[FEH]*,"E, F, H","E, F, H"
B|LBB*JA+|A+D|H,(ninguno),"A, B, D, H, J, L"
[EHADBJ]+,J,"A, B, D, E, H, J"
[AHCGJ],"G, J","A, C, G, H, J"
E+I+F|DE*E*BD+J,(ninguno),"B, D, E, F, I, J"
H*LAA+D*C*,C,"A, C, D, H, L"
[JIBLDK]+,K,"B, D, I, J, K, L"
[LHEKJ],J,"E, H, J, K, L"
[IJHG]*,G,"G, H, I, J"
[ALFK]*,K,"A, F, K, L"
[AHDE]*,"D, E","A, D, E, H"
[KJDECB]+,(ninguno),"B, C, D, E, J, K"
A|EB+A+,A,"A, B, E"
K+B+LG+I+F*C*|AF+,(ninguno),"A, B, C, F, G, I, K, L"
[DKCG],"C, G","C, D, G, K"
[DHAEC]*,C,"A, C, D, E, H"
[JBKA],A,"A, B, J, K"
A+L|I+D*|D*AC*B*|G*,G,"A, B, C, D, G, I, L"
[LADJC],C,"A, C, D, J, L"
D+|A+D+|HD*,D,"A, D, H"
E+|HK*J+J*,J,"E, H, J, K"
[JCDAGB],B,"A, B, C, D, G, J"
[ELB],"B, L","B, E, L"
C*CD*,"C, D","C, D"
[ACB],"A, B, C","A, B, C"
A*HG*B+L+L+|G+E+,(ninguno),"A, B, E, G, H, L"
F+BD+,"B, D, F","B, D, F"
EA+G+B|I*B*K*DA*,A,"A, B, D, E, G, I, K"
[CGB]*,"B, C, G","B, C, G"
I*FFC|EL|J*,(ninguno),"C, E, F, I, J, L"
D+D+KE+G|E*,"E, G","D, E, G, K"
H*F+|H+KFI*F+|F*,F,"F, H, I, K"
BK+L+|H*DA+,A,"A, B, D, H, K, L"
[GAHDL]*,L,"A, D, G, H, L"
[LJE],"E, J","E, J, L"
[LGHDJA],A,"A, D, G, H, J, L"
D|DCC*|BL*D+,D,"B, C, D, L"
[FCIL],"I, L","C, F, I, L"
[BELCKF],F,"B, C, E, F, K, L"
H*A*|JB*,"B, J","A, B, H, J"
[BFAIHJ]*,J,"A, B, F, H, I, J"
K+|KA*|H+F+K+|F,F,"A, F, H, K"
I*|G+L+K|L+C*B*G+A*,(ninguno),"A, B, C, G, I, K, L"
[KEHIBF]*,F,"B, E, F, H, I, K"
[CGKL]*,L,"C, G, K, L"
C+HD*|F*I*|HB*G,G,"B, C, D, F, G, H, I"
[CBLIJA],A,"A, B, C, I, J, L"
[HGF]*,"F, G, H","F, G, H"
[IDL]*,"D, I, L","D, I, L"
G+G*|EI+,"E, G, I","E, G, I"
[IHEJKD]+,D,"D, E, H, I, J, K"
F|ED*|I+E|G*K+,K,"D, E, F, G, I, K"
[JHFC]*,C,"C, F, H, J"
LD+G*,"D, G, L","D, G, L"
[HBAE],"A, E","A, B, E, H"
I+|JA*|GJF,F,"A, F, G, I, J"
[GFK]*,"F, G, K","F, G, K"
E+H+|B+E,E,"B, E, H"
EE+GK*HKH+|DL+|D*,D,"D, E, G, H, K, L"
B*G+K*K*,K,"B, G, K"
L*|II*|G+G*J+|E,E,"E, G, I, J, L"
[FHDAB],B,"A, B, D, F, H"
DDH*|F*,"F, H","D, F, H"
LC*|DL+,"D, L","C, D, L"
[EGJL]+,L,"E, G, J, L"
L+|F*LL,L,"F, L"
[FBKD],D,"B, D, F, K"
L+|F+G*A+|CK+K*|I+J|G+I+D*|C+,(ninguno),"A, C, D, F, G, I, J, K, L"
H*DD*,D,"D, H"
E+HH|D+F*,F,"D, E, F, H"
[GJBC]*,C,"B, C, G, J"
[CIA],"A, C, I","A, C, I"
D+I*|E+H,H,"D, E, H, I"
[JKELD],D,"D, E, J, K, L"
K+|I*C+F|E*,"E, F","C, E, F, I, K"
[DHKECB]+,B,"B, C, D, E, H, K"
H*|L+E+|CB|JJ*F*,(ninguno),"B, C, E, F, H, J, L"
B*K|GD+|C+,C,"B, C, D, G, K"
[GLJEA]+,A,"A, E, G, J, L"
F|J+D+B*H+A*B|B*KH,(ninguno),"A, B, D, F, H, J, K"
F+E*|HI,"H, I","E, F, H, I"
FH*|F*K+J+|H+J+L+E+J+|H+,(ninguno),"E, F, H, J, K, L"
LB*|B*E*K+EID,(ninguno),"B, D, E, I, K, L"
[BIHAFJ]+,J,"A, B, F, H, I, J"
ED+|EE+AE*G+K+,G,"A, D, E, G, K"
[BKA]+,"A, K","A, B, K"
K*L+L,L,"K, L"
H*DE|I+G+,"G, I","D, E, G, H, I"
[DJKIA],A,"A, D, I, J, K"
[JFDHLE]+,(ninguno),"D, E, F, H, J, L"
EIL*,"E, I, L","E, I, L"
L+|G+CA+,"A, C","A, C, G, L"
[LFK]*,"F, K, L","F, K, L"
D+|E+AB,"A, B","A, B, D, E"
[HBJIGA],A,"A, B, G, H, I, J"
[EDA]+,"A, D","A, D, E"
[BICKH],H,"B, C, H, I, K"
B*I+J+|A+,A,"A, B, I, J"
H*K+F*,"F, H, K","F, H, K"
KK*FF*AH+|F*,F,"A, F, H, K"
FI+B*|JKAC+,C,"A, B, C, F, I, J, K"
[CABLI],I,"A, B, C, I, L"
D*H+JG*H*G+|L,L,"D, G, H, J, L"
[AEJ]*,"A, E, J","A, E, J"
[LDACB],B,"A, B, C, D, L"
D+C*C+|L+,"C, L","C, D, L"
[AFIG]+,"G, I","A, F, G, I"
[IDC]+,"C, D, I","C, D, I"
[CKGB],"B, G","B, C, G, K"
[EDHK]*,"H, K","D, E, H, K"
[BLK],"B, K, L","B, K, L"
BFH,"B, F, H","B, F, H"
FCH+F|A*E,E,"A, C, E, F, H"
C+H|KDK+I*,I,"C, D, H, I, K"
[HIKA]*,A,"A, H, I, K"
D+C+F,"C, D, F","C, D, F"
[ELK]+,"K, L","E, K, L"
I|J+AH|H*CK+|E*,(ninguno),"A, C, E, H, I, J, K"
[LJAIDE],E,"A, D, E, I, J, L"
[DLB]+,"B, L","B, D, L"
[EFCL]+,"C, L","C, E, F, L"
AL+K+|J+L*KEE+|I*,(ninguno),"A, E, I, J, K, L"
[CHDKL]+,L,"C, D, H, K, L"
[GJEFIK]*,K,"E, F, G, I, J, K"
G*B*C*G+|FG+E,G,"B, C, E, F, G"
[LEI],"E, I, L","E, I, L"
J|AF+|C*IC+H*|E+,(ninguno),"A, C, E, F, H, I, J"
F*K|J+L+,"J, L","F, J, K, L"
[KAE],"A, E","A, E, K"
F+|IK+H*|E,E,"E, F, H, I, K"
G+B*E*JBEG+,G,"B, E, G, J"
[LGKJC]*,C,"C, G, J, K, L"
[CHAIE],E,"A, C, E, H, I"
[DLJFH],H,"D, F, H, J, L"
[JDEK],K,"D, E, J, K"
D+CI+D|I*H+FD|A+A|G+,(ninguno),"A, C, D, F, G, H, I"
C*|D+J+|B*GL|J,J,"B, C, D, G, J, L"
[ELIAB]+,"A, B","A, B, E, I, L"
[CDIBJ]*,J,"B, C, D, I, J"
[BIC]+,"B, C, I","B, C, I"
[BGDACF]+,F,"A, B, C, D, F, G"
[GALH]*,H,"A, G, H, L"
H+|H+CJ+|B*L+K+D*,(ninguno),"B, C, D, H, J, K, L"
[DIFGH],"G, H","D, F, G, H, I"
H+K*G*,"G, K","G, H, K"
[GKEAC]+,C,"A, C, E, G, K"
[JHCIEA],A,"A, C, E, H, I, J"
[KBIHC]+,C,"B, C, H, I, K"
B*|F*L+K+,K,"B, F, K, L"
[LJFGB],B,"B, F, G, J, L"
[HGA],"A, G","A, G, H"
[KFJGBH]+,H,"B, F, G, H, J, K"
[LKCHJ],J,"C, H, J, K, L"
[GHAI]+,"A, I","A, G, H, I"
B+A+|L*HHLF+J+|C+,C,"A, B, C, F, H, J, L"
[FHEBG],G,"B, E, F, G, H"
IFE|K*I+,I,"E, F, I, K"
[LBH]+,"B, H, L","B, H, L"
[GDEJC],C,"C, D, E, G, J"
[KBEHC]+,C,"B, C, E, H, K"
[BFKCI]*,I,"B, C, F, I, K"
[AIB],"A, B, I","A, B, I"
E*K*E+J+GE*|H+K*I*,(ninguno),"E, G, H, I, J, K"
[CGLK],K,"C, G, K, L"
[CED]*,"C, D, E","C, D, E"
[FEH]+,"E, F, H","E, F, H"
[ILJABK]*,K,"A, B, I, J, K, L"
[AIFK]+,K,"A, F, I, K"
J+HE*,"E, H","E, H, J"
[LICKGB],B,"B, C, G, I, K, L"
[IFLHJC]*,C,"C, F, H, I, J, L"
[AEI]+,"A, E, I","A, E, I"
[BEGAL]*,L,"A, B, E, G, L"
G*C+GC*,"C, G","C, G"
[FLBDCH],H,"B, C, D, F, H, L"
[LJD],"D, J","D, J, L"
[EKAJ]*,"A, J","A, E, J, K"
[AEBHG],G,"A, B, E, G, H"
[JHE],"E, H","E, H, J"
[BCDFH]+,"F, H","B, C, D, F, H"
[HKC]+,"C, K","C, H, K"
JB+|F*D+,D,"B, D, F, J"
L*L+|IA*G*H+|F+A*J*,(ninguno),"A, F, G, H, I, J, L"
[GLCEJ]*,J,"C, E, G, J, L"
[LEIF]*,"F, I","E, F, I, L"
[GDEB],B,"B, D, E, G"
[HEBKC]+,C,"B, C, E, H, K"
[JFLHGE],(ninguno),"E, F, G, H, J, L"
[LGK]+,"G, K, L","G, K, L"
[KJHAEF],F,"A, E, F, H, J, K"
[BCHKEJ]*,J,"B, C, E, H, J, K"
[HKGEDA]+,A,"A, D, E, G, H, K"
B+J*E+I|I*,I,"B, E, I, J"
D*B+I|C*K*|G*J*F,F,"B, C, D, F, G, I, J, K"
EA+|H+C|DF+,F,"A, C, D, E, F, H"
H|DB*IGC*,C,"B, C, D, G, H, I"
[GAJHFD]*,D,"A, D, F, G, H, J"
[LBDHEA],A,"A, B, D, E, H, L"
[CJE]*,"C, E, J","C, E, J"
KL+K+|I*K+I*|J*A*C|D,(ninguno),"A, C, D, I, J, K, L"
D+F*|K*H*C+|D*J+I*|IJ,J,"C, D, F, H, I, J, K"
[EHJ]*,"E, H, J","E, H, J"
[EFBAD],D,"A, B, D, E, F"
[AHBD]*,D,"A, B, D, H"
[CLID]*,"D, I","C, D, I, L"
[GLD],"D, L","D, G, L"
[LKG]*,"G, K","G, K, L"
[BHIKF]*,F,"B, F, H, I, K"
[CID],"C, D, I","C, D, I"
B+C*|E*JE|D,D,"B, C, D, E, J"
[ADCKB]+,B,"A, B, C, D, K"
[GDAH]*,H,"A, D, G, H"
D|L+G+|I*KCF*L+|E,(ninguno),"C, D, E, F, G, I, K, L"
[LBHCGD]*,D,"B, C, D, G, H, L"
F*C*L*L*,L,"C, F, L"
DE+|I*E+|B*I|A,A,"A, B, D, E, I"
[JFIK],"I, K","F, I, J, K"
F+HC,"C, F, H","C, F, H"
[GHJLKF]+,F,"F, G, H, J, K, L"
[FJKIDA],A,"A, D, F, I, J, K"
IK*|I+K*B|F,F,"B, F, I, K"
C*F*|D*C*I,"C, I","C, D, F, I"
[FGIH]+,"H, I","F, G, H, I"
[ELF]*,"F, L","E, F, L"
[ALC],"C, L","A, C, L"
D*C+KE*K*FK*,K,"C, D, E, F, K"
[BCJF]+,"F, J","B, C, F, J"
D+E+C*|E*,"C, E","C, D, E"
[JLHIEG]+,G,"E, G, H, I, J, L"
C*G*C+,"C, G","C, G"
AD+H+,"A, D, H, J","A, D, H"
[AJD]+,"A, D, J","A, D, J"
[DLFKHE],E,"D, E, F, H, K, L"
[FKABLH]+,H,"A, B, F, H, K, L"
[CAL],"A, C, L","A, C, L"
[IJHCB]*,B,"B, C, H, I, J"
[AHDLJ],J,"A, D, H, J, L"
J|E+G|H*L+,L,"E, G, H, J, L"
[AFKE]*,E,"A, E, F, K"
C*|D*E+HL+I+E*|E+I*,I,"C, D, E, H, I, L"
[GDHFC]+,C,"C, D, F, G, H"
[GLHJF]*,F,"F, G, H, J, L"
[JCH],"C, H, J","C, H, J"
[IJBC]+,C,"B, C, I, J"
[KIJF]+,F,"F, I, J, K"
[DIF]*,"D, F, I","D, F, I"
F*|L+D*|G*L+,L,"D, F, G, L"
[EJCH]*,H,"C, E, H, J"
E+D+D*|H*F+K+|K+AC*B+,(ninguno),"A, B, C, D, E, F, H, K"
[DJGBKE]*,(ninguno),"B, D, E, G, J, K"
[FHB]*,"B, F, H","B, F, H"
[ILHBC]+,C,"B, C, H, I, L"
[HGL]*,"G, L","G, H, L"
[DGAI]+,"A, I","A, D, G, I"
J+B*LL|L+E*|A*D,(ninguno),"A, B, D, E, J, L"
L+J|B*GL+L+B|A+,(ninguno),"A, B, G, J, L"
D+GIC+|L*K*K+KG+,"G, K","C, D, G, I, K, L"
[EKF],F,"E, F, K"
[ADH]*,"A, D, H, J","A, D, H"
[ADF],"A, D, F","A, D, F"
[DFBJ]*,J,"B, D, F, J"
[EBHKAF]+,"A, F","A, B, E, F, H, K"
[DBJFGK],K,"B, D, F, G, J, K"
LG+L*|I+C*C+|B,C,"B, C, G, I, L"
D+J+|BC|ED*|D+,D,"B, C, D, E, J"
[ILJ],"I, J, L","I, J, L"
G*D+|H+B+D|G+I+H*,(ninguno),"B, D, G, H, I"
[DIBAJF]*,F,"A, B, D, F, I, J"
E|H+LH+,"H, L","E, H, L"
A+A*|K*F|D,D,"A, D, F, K"
LG*|CG+,"C, G","C, G, L"
KG+B+E+K+|F*B+,B,"B, E, F, G, K"
[GLA]*,"A, G, L","A, G, L"
F*J*E*F+A+,A,"A, E, F, J"
[KDEL]*,L,"D, E, K, L"
I*|FBG*|L*B*|C*B,B,"B, C, F, G, I, L"
C+|GH+|I*B+,B,"B, C, G, H, I"
L|C*AB*JC+,C,"A, B, C, J, L"
FC|H+C+C+C,C,"C, F, H"
[IJHFG]*,G,"F, G, H, I, J"
[DCL]*,"C, D, L","C, D, L"
[EHFI]*,"F, I","E, F, H, I"
[CKHJ]*,"H, J","C, H, J, K"
[BAFJK]+,K,"A, B, F, J, K"
E+B+|J+H*|L*K+|I+,I,"B, E, H, I, J, K, L"
G|B*F*D,"D, F","B, D, F, G"
I|I+L*|K+E+,E,"E, I, K, L"
J+J*E+|B,B,"B, E, J"
[IADC],"C, D","A, C, D, I"
DJC,"C, J","C, D, J"
[HEJLC]+,C,"C, E, H, J, L"
[FEHDC]+,C,"C, D, E, F, H"
[JLGA]+,A,"A, G, J, L"
LI+|J*F+|G*,G,"F, G, I, J, L"
[EHLDKA]*,A,"A, D, E, H, K, L"
[GAJF],"A, F","A, F, G, J"
J+F+B+AH,H,"A, B, F, H, J"
[KHF]*,"F, H","F, H, K"
J+|E*FE+,E,"E, F, J"
[LEI]+,"E, I, L","E, I, L"
[FBKDL]+,L,"B, D, F, K, L"
B*|C*G*B+|GL*C*,C,"B, C, G, L"
K*G*B+D*K+B*|DC*,(ninguno),"B, C, D, G, K"
F+D|I+H+|C+K|A,A,"A, C, D, F, H, I, K"
[CBKD]+,D,"B, C, D, K"
[KLEG],G,"E, G, K, L"
C*A+H*|D+B|J*B*B*,B,"A, B, C, D, H, J"
H*K*GE+J,J,"E, G, H, J, K"
[JFBD]*,D,"B, D, F, J"
[KGDLAI]*,I,"A, D, G, I, K, L"
[LBHD]*,D,"B, D, H, L"
B+B*GG|G*E+|K*L*D|KA+,(ninguno),"A, B, D, E, G, K, L"
[LJCH]*,"C, H","C, H, J, L"
[HKJDEL]*,L,"D, E, H, J, K, L"
[GFCLHD]*,D,"C, D, F, G, H, L"
[FACJ]*,"C, J","A, C, F, J"
[JAGBE],E,"A, B, E, G, J"
[DFHGEJ]+,J,"D, E, F, G, H, J"
[JLKECD]*,D,"C, D, E, J, K, L"
[IKHEJB]+,B,"B, E, H, I, J, K"
[HCKEID]*,D,"C, D, E, H, I, K"
[HGJ]+,"G, H, J","G, H, J"
[IKFD]*,"D, F","D, F, I, K"
IFH,"F, H, I","F, H, I"
[BID]+,"B, D, I","B, D, I"
[IKJ]*,"I, J, K","I, J, K"
D|F+L*K+|D*D*B+|KE+|AEF+,(ninguno),"A, B, D, E, F, K, L"
[JHKG]+,"G, K","G, H, J, K"
[BIJKC]*,C,"B, C, I, J, K"
[AEKJLC]*,C,"A, C, E, J, K, L"
G+|H*C|G+J*,"G, J","C, G, H, J"
F+B*E*|C*I+H+C+,C,"B, C, E, F, H, I"
[IKJA],A,"A, I, J, K"
[ELAG]*,G,"A, E, G, L"
[LKBDGF],F,"B, D, F, G, K, L"
[FEAHB]+,B,"A, B, E, F, H"
[CDK],"C, D, K","C, D, K"
[EIG]*,"E, G, I","E, G, I"
[ILGDJ],J,"D, G, I, J, L"
H*E*|J+K+|JIL,L,"E, H, I, J, K, L"
DH*|H*D*,"D, H","D, H"
EIC,"C, E, I","C, E, I"
B*F+C*J|L+H*B+|LL,L,"B, C, F, H, J, L"
[BAJHDC],C,"A, B, C, D, H, J"
[ELJ],"E, J, L","E, J, L"
[KLCHJE],E,"C, E, H, J, K, L"
[LHC],"C, H, L","C, H, L"
CF*|EG*E*K|H,H,"C, E, F, G, H, K"
K+D|JH|D*B+J*,J,"B, D, H, J, K"
[JEHBF]*,F,"B, E, F, H, J"
[FHJ]+,"F, H, J","F, H, J"
[AHGD]+,D,"A, D, G, H"
[CDHF]+,"F, H","C, D, F, H"
[IHJF],"F, H, J","F, H, I, J"
[HFBKID]+,D,"B, D, F, H, I, K"
D*C*K+I*A,"A, I","A, C, D, I, K"
[LFDHB]*,B,"B, D, F, H, L"
[ABCEK]+,K,"A, B, C, E, K"
[FGBLJ]*,J,"B, F, G, J, L"
[BEFA]*,"A, F","A, B, E, F"
A*H*F+|C*D+L,L,"A, C, D, F, H, L"
KE+|I+DF*K*|I,I,"D, E, F, I, K"
[DHE]*,"D, E, H","D, E, H"
[IGAHK]*,K,"A, G, H, I, K"
FGJCB,B,"B, C, F, G, J"
JJ*C*D|B+G+B*,B,"B, C, D, G, J"
[JCHLIB]*,B,"B, C, H, I, J, L"
A|I*E*I*|L*BA*|D*J*K,(ninguno),"A, B, D, E, I, J, K, L"
[CGBDIE]*,E,"B, C, D, E, G, I"
[HJD]*,"D, J","D, H, J"
G*G+|CF*CD*H+,(ninguno),"C, D, F, G, H"
BL*CF+|F*E+|BI*,(ninguno),"B, C, E, F, I, L"
[FLJ]+,"J, L","F, J, L"
K+|F+C+|A*F*,"A, F","A, C, F, K"
J*KH+|E+I|H+I*|J,J,"E, H, I, J, K"
[JAL],"A, L","A, J, L"
[FGK]+,"F, G, K","F, G, K"
H+AH|E*F*|G*B,(ninguno),"A, B, E, F, G, H"
[CAB]+,"A, B, C","A, B, C"
K+G+B+K+E*D*,D,"B, D, E, G, K"
[FBJCIE],E,"B, C, E, F, I, J"
[FABK]+,"B, K","A, B, F, K"
[JFC],"C, F, J","C, F, J"
[ADEIK],"I, K","A, D, E, I, K"
[AJHD],D,"A, D, H, J"
[LICA],"A, C","A, C, I, L"
F*A*E*|I*,I,"A, E, F, I"
[IJDAK]*,"A, K","A, D, I, J, K"
[FKCBDL]+,L,"B, C, D, F, K, L"
[BJFK],K,"B, F, J, K"
[HAJCG],"C, G","A, C, G, H, J"
[JHC],"C, H, J","C, H, J"
[JAHKI]+,I,"A, H, I, J, K"
[IBKLE],E,"B, E, I, K, L"
KFL*,"F, L","F, K, L"
[HFDCI]*,I,"C, D, F, H, I"
D+|GIK+|I*,I,"D, G, I, K"
G|J*I+C+,"C, I","C, G, I, J"
F+|CB+F*E+B+H*AI*|F+,(ninguno),"A, B, C, E, F, H, I"
F*K*F+,F,"F, K"
L+I*I+L+K+,K,"I, K, L"
[BJEIC]*,C,"B, C, E, I, J"
[FJL],"J, L","F, J, L"
D*DFL*F+,F,"D, F, L"
[JHFE]*,"E, F","E, F, H, J"
E*AD+A+,A,"A, D, E"
[LFJH]+,H,"F, H, J, L"
[CGIDAH]+,H,"A, C, D, G, H, I"
H+I+B+|I+D+D*BD|F,(ninguno),"B, D, F, H, I"
CGF+|B+G*L+|I+A*,(ninguno),"A, B, C, F, G, I, L"
A*CI+|K*I*G,"G, I","A, C, G, I, K"
[AJED]*,D,"A, D, E, J"
[HKL],"K, L","H, K, L"
[GBHKDC]+,C,"B, C, D, G, H, K"
E+JC+|J+H|I+F+L*|K+L,L,"C, E, F, H, I, J, K, L"
[BICH]*,"C, H","B, C, H, I"
H*A|LE*B|B*,B,"A, B, E, H, L"
A+|J*A*A+,A,"A, J"
[FBHDK],K,"B, D, F, H, K"
[KGF]+,"F, G","F, G, K"
[CDAH]+,H,"A, C, D, H"
[KDJF],F,"D, F, J, K"
[CHFGD],D,"C, D, F, G, H"
[IBGD]*,"D, G","B, D, G, I"
[BCJEFI]+,I,"B, C, E, F, I, J"
A*|F+I+H*|B+IC*H+|E+H*,H,"A, B, C, E, F, H, I"
[FJCHA],A,"A, C, F, H, J"
E|A+G+JEBFH|B,(ninguno),"A, B, E, F, G, H, J"
[FKLB]*,B,"B, F, K, L"
[LIB]*,"B, I, L","B, I, L"
E+G+EF+,"E, F","E, F, G"
H|D+E+H+EH*|G*E+C|JE,(ninguno),"C, D, E, G, H, J"
E+G|LE*|HG+|KIB+G,G,"B, E, G, H, I, K, L"
L|KD+|KD,D,"D, K, L"
[JFIDBE]+,(ninguno),"B, D, E, F, I, J"
[LEG],"E, G, L","E, G, L"
[AFGI]*,"G, I","A, F, G, I"
[CJH]*,"C, H, J","C, H, J"
[ELAHK]+,K,"A, E, H, K, L"
J*|B*A*D+|K+,K,"A, B, D, J, K"
G*G+|D*A+,"A, G","A, D, G"
[ELGDFA],A,"A, D, E, F, G, L"
F+J*H*JB*|K+L+,L,"B, F, H, J, K, L"
J*J|CAA*,A,"A, C, J"
[JCH]+,"C, H, J","C, H, J"
F|C*G+CE|I+G*|I+,I,"C, E, F, G, I"
[KIJ]*,"I, J, K","I, J, K"
[KGIHEC]+,C,"C, E, G, H, I, K"
[FDBL],L,"B, D, F, L"
E+|DG*|K+B*F*,F,"B, D, E, F, G, K"
F+LJ|DC*,C,"C, D, F, J, L"
A*G*|AB+D*|G+,G,"A, B, D, G"
C*|IH*C+|H+A|DL+AF+I+|A*,A,"A, C, D, F, H, I, L"
BF+|F*IJ*|A+KG,G,"A, B, F, G, I, J, K"
[GCFJDH],H,"C, D, F, G, H, J"
[FIALD]+,D,"A, D, F, I, L"
[FCLE]+,"C, E","C, E, F, L"
[LHFB],B,"B, F, H, L"
[BKIHAE],E,"A, B, E, H, I, K"
K*|E*I+F+D+,D,"D, E, F, I, K"
D+IJ+,"D, I, J","D, I, J"
D+|F*J+|K*BL*,L,"B, D, F, J, K, L"
E+K+A*J*KE,E,"A, E, J, K"
[CEJ]+,"C, E, J","C, E, J"
H*|DFH+F*B|J*I+,(ninguno),"B, D, F, H, I, J"
[EAD],"A, D, E","A, D, E"
[LHBJID],D,"B, D, H, I, J, L"
K|JF+H+|I*J*B*L|C+,(ninguno),"B, C, F, H, I, J, K, L"
[IBCD]*,"C, D","B, C, D, I"
[GCEJH]*,H,"C, E, G, H, J"
LE*|B+CJ+FJ*F*|L,(ninguno),"B, C, E, F, J, L"
[CLB]*,"B, C, L","B, C, L"
[FLDHA]*,A,"A, D, F, H, L"
[FABHED]*,D,"A, B, D, E, F, H"
[FAJDC]*,C,"A, C, D, F, J"
E+G+|G*E,"E, G","E, G"
[AFGEDB]*,B,"A, B, D, E, F, G"
KLFD*,"D, F","D, F, K, L"
H|HD+K,K,"D, H, K"
D*|JB*|J+GK*,K,"B, D, G, J, K"
F*E*|K+G*J*F|GB*|I*,(ninguno),"B, E, F, G, I, J, K"
[AFEBCH]*,H,"A, B, C, E, F, H"
[FJKC]+,C,"C, F, J, K"
[LGHBC]*,C,"B, C, G, H, L"
D*|G+AG*|A*J|B+,(ninguno),"A, B, D, G, J"
[FCIHKG]+,G,"C, F, G, H, I, K"
BJ+B+|I+J*,"I, J","B, I, J"
A*CA*,"A, C","A, C"
[BHKL]+,L,"B, H, K, L"
G*|EE|D+H*H*|LF+|EJ+|J+K,(ninguno),"D, E, F, G, H, J, K, L"
[FBKCGH],H,"B, C, F, G, H, K"
J+E*G+G*,G,"E, G, J"
[EBG]+,"B, E, G","B, E, G"
I*|H*L*G+D+IFC+|B+F+|E*,(ninguno),"B, C, D, E, F, G, H, I, L"
[HICJKG]*,G,"C, G, H, I, J, K"
[KGJICA]*,A,"A, C, G, I, J, K"
D+|CJB,"B, J","B, C, D, J"
[AJFK],K,"A, F, J, K"
E+|CLI*|FE,E,"C, E, F, I, L"
H*KH*E*H,H,"E, H, K"
[IDF]+,"D, F, I","D, F, I"
[CDGJH]*,H,"C, D, G, H, J"
[CID]*,"C, D, I","C, D, I"
G+E|J+C|E,"C, E","C, E, G, J"
[AHJCLB]+,B,"A, B, C, H, J, L"
C+J|H*D*E*,E,"C, D, E, H, J"
[LFECGI]+,I,"C, E, F, G, I, L"
[BACDEF]*,F,"A, B, C, D, E, F"
[IKAHGF]*,F,"A, F, G, H, I, K"
[BEJFDI],I,"B, D, E, F, I, J"
C*F+D*F+GJ|H+A*|L,(ninguno),"A, C, D, F, G, H, J, L"
[BECG],"C, G","B, C, E, G"
H*AI+|D+,"A, D, I","A, D, H, I"
LJK+K*|I*BH+KK+,K,"B, H, I, J, K, L"
[LBJEAI]+,"A, I","A, B, E, I, J, L"
[LFCEJG],G,"C, E, F, G, J, L"
JDL*,"D, J, L","D, J, L"
[KIAHB],B,"A, B, H, I, K"
[GIBHCL]+,L,"B, C, G, H, I, L"
D*D+H|F*G*|L+,L,"D, F, G, H, L"
[DCKBIG]*,"G, I","B, C, D, G, I, K"
B+|L+KG|E*D*,D,"B, D, E, G, K, L"
JF*DCF+,F,"C, D, F, J"
D+L*G*|CC+|H+I,I,"C, D, G, H, I, L"
[KICD]*,D,"C, D, I, K"
[CKID],"D, I","C, D, I, K"
[GIAHJL]*,L,"A, G, H, I, J, L"
J*H+K,"H, J, K","H, J, K"
[KLDAGH]+,H,"A, D, G, H, K, L"
D+|LC*I+|K+A*,A,"A, C, D, I, K, L"
[DFG]+,"F, G","D, F, G"
[BILEC]*,C,"B, C, E, I, L"
I+E*|CGL+|J+F*,F,"C, E, F, G, I, J, L"
[BIG],"B, G, I","B, G, I"
DF+|A*A+|J*,"A, J","A, D, F, J"
[GEL],"E, G, L","E, G, L"
[EHI]+,"E, H, I","E, H, I"
[ECFIL],"I, L","C, E, F, I, L"
L+B|I+A+|KD+H+B*,(ninguno),"A, B, D, H, I, K, L"
C*E*G,"C, E, G","C, E, G"
[LCBFG]+,G,"B, C, F, G, L"
B*|D+A+J*,J,"A, B, D, J"
KC+BJH*DK+|F+J+|E*,(ninguno),"B, C, D, E, F, H, J, K"
F+|B+E*G+|A*C+E+K*,(ninguno),"A, B, C, E, F, G, K"
[BIEKD],D,"B, D, E, I, K"
E*D|E*G,"E, G","D, E, G"
[BLHD],D,"B, D, H, L"
B+L|H+C|D,D,"B, C, D, H, L"
[HKFJ]+,"F, J","F, H, J, K"
G+B*|G*B*KA*|ID*K*|F*,(ninguno),"A, B, D, F, G, I, K"
[JGLACD]*,D,"A, C, D, G, J, L"
G+K*|E+D,D,"D, E, G, K"
D+L+|B*K*|D*F*,F,"B, D, F, K, L"
AKJ+,"A, J, K","A, J, K"
GF*|E+J*L|DAC+E,(ninguno),"A, C, D, E, F, G, J, L"
[HJDCBA]*,A,"A, B, C, D, H, J"
[FKDH],H,"D, F, H, K"
L*DJ*HE*H+|CJ,J,"C, D, E, H, J, L"
LJ*E,"E, J","E, J, L"
[FLBHC]*,C,"B, C, F, H, L"
[CEDGJ]+,"G, J","C, D, E, G, J"
[HBKGDC]+,C,"B, C, D, G, H, K"
[BIKD]*,D,"B, D, I, K"
[FEA]+,"A, E, F","A, E, F"
[CBLKD]*,D,"B, C, D, K, L"
[DEFLB]*,B,"B, D, E, F, L"
[DLCJHI]*,I,"C, D, H, I, J, L"
[EHD]+,"D, H","D, E, H"
J*B+|K*DC*C+,C,"B, C, D, J, K"
[IHGBAF]*,"A, F","A, B, F, G, H, I"
[CDIJ]+,"I, J","C, D, I, J"
[LFCEH]*,H,"C, E, F, H, L"
[BIJK]*,"J, K","B, I, J, K"
[CHAJ]+,"A, J","A, C, H, J"
[FHIK]*,"I, K","F, H, I, K"
[LAG]*,"A, G, L","A, G, L"
A*G+H+|E+BJ+|KI*JI+,I,"A, B, E, G, H, I, J, K"
[BJGCA],A,"A, B, C, G, J"
[ADJ]+,"A, D, J","A, D, J"
[ILCJ],"C, J","C, I, J, L"
F*|G+L+G+,G,"F, G, L"
JH*C*H+HH|IF*H+,H,"C, F, H, I, J"
LG|D*EJ*|A*I*|A*BAG|E*,(ninguno),"A, B, D, E, G, I, J, L"
[HCD]*,"C, D, H","C, D, H"
[DHBAJL],L,"A, B, D, H, J, L"
[DFACKH],H,"A, C, D, F, H, K"
[FJDEB]+,B,"B, D, E, F, J"
G+|II|I+E,"E, I","E, G, I"
L|EL+|C+AB+|I*J*J*|K+,(ninguno),"A, B, C, E, I, J, K, L"
[EFI],"E, F, I","E, F, I"
D+IJ*|IG+|B+K+|C,C,"B, C, D, G, I, J, K"
[CBE],"B, C, E","B, C, E"
[HEKF],F,"E, F, H, K"
BJCFE+K*D+,(ninguno),"B, C, D, E, F, J, K"
[IKDCJ]*,J,"C, D, I, J, K"
[IGLDB],B,"B, D, G, I, L"
[GEH]*,"E, G, H","E, G, H"
JH+L,"H, J, L","H, J, L"
[JGLDB],B,"B, D, G, J, L"
J*J*A+H*,"A, H","A, H, J"
[LFKJ],"J, K","F, J, K, L"
[KAGF],"F, G","A, F, G, K"
[HFCKL]+,L,"C, F, H, K, L"
L*|I+G+DH,H,"D, G, H, I, L"
J*F*|HF*F*D|JF|L*,(ninguno),"D, F, H, J, L"
G*|J*B+LACC*|JK+D*|A*,(ninguno),"A, B, C, D, G, J, K, L"
[AIL]+,"A, I, L","A, I, L"
G+I+J+GI|GH*I,I,"G, H, I, J"
[BFAG],G,"A, B, F, G"
[ILDHK]*,K,"D, H, I, K, L"
[HEI]+,"E, H, I","E, H, I"
[KCAJ]+,"A, J","A, C, J, K"
[ABGJK]+,K,"A, B, G, J, K"
[BKAJH]+,H,"A, B, H, J, K"
[BEG]+,"B, E, G, L","B, E, G"
F+A|KE*,E,"A, E, F, K"
[CABKHG]+,G,"A, B, C, G, H, K"
[JLC]*,C,"C, J, L"
[KAGH],"G, H","A, G, H, K"
[HGI]+,"G, I","G, H, I"
[LGCKH]+,H,"C, G, H, K, L"
[DGELCA],A,"A, C, D, E, G, L"
I*K*H+,"H, I, K","H, I, K"
[IDGAJ]*,"A, J","A, D, G, I, J"
[BFCEI]+,I,"B, C, E, F, I"
[EBDHJ]*,J,"B, D, E, H, J"
[ECAIKJ]+,J,"A, C, E, I, J, K"
D+G*H,"D, G, H","D, G, H"
C*ECD+D,D,"C, D, E"
[HGBEK],K,"B, E, G, H, K"
[DGJLEB]*,B,"B, D, E, G, J, L"
[KJEC],C,"C, E, J, K"
[FHLE]*,E,"E, F, H, L"
F+|A+AE*A*E*L|E+H+|G*,G,"A, E, F, G, H, L"
CE*|K+E*|J*GA+|C+C+C*,C,"A, C, E, G, J, K"
A|AF*J,"A, J","A, F, J"
[KFHL]*,L,"F, H, K, L"
[CEL]+,"C, E, L","C, E, L"
C+KG+I,"G, I","C, G, I, K"
I*C+C+I*G*F*,F,"C, F, G, I"
[EIJ]+,"E, I, J","E, I, J"
[EIHFAG]+,G,"A, E, F, G, H, I"
[DBJ]+,"B, J","B, D, J"
[JIG]*,"G, I","G, I, J"
[ICEB],"B, E","B, C, E, I"
I+|K+DA*G+|D,D,"A, D, G, I, K"
[FHG]+,"F, G, H","F, G, H"
[KBDJE]+,E,"B, D, E, J, K"
F+|H+I|CD*K+,K,"C, D, F, H, I, K"
L+|FIC*|IGC*C*|D,C,"C, D, F, G, I, L"
C*|L*A*|AD,"A, D","A, C, D, L"
KD*|IE*G+E+E*,E,"D, E, G, I, K"
K|C+C*H*B,B,"B, C, H, K"
A+H*E*H*|L*,L,"A, E, H, L"
[AEKI]+,I,"A, E, I, K"
A*AD+|KA|LF|A+J,A,"A, D, F, J, K, L"
[JAGE],"E, G","A, E, G, J"
[FELAG]+,G,"A, E, F, G, L"
J|JA+J|L+HK*,(ninguno),"A, H, J, K, L"
[LCJIA]+,A,"A, C, I, J, L"
[GAEDF]+,F,"A, D, E, F, G"
EH+G+|C+L+JG*,G,"C, E, G, H, J, L"
[DIJHBK],K,"B, D, H, I, J, K"
[KFHADG],G,"A, D, F, G, H, K"
[LCEKB]*,B,"B, C, E, K, L"
[AJGDI]*,I,"A, D, G, I, J"
[JKBLA],A,"A, B, J, K, L"
B*H|A*J*F+|K+K*|GG+|F*,(ninguno),"A, B, F, G, H, J, K"
[KBG]*,"B, G, K","B, G, K"
[FEK]+,"F, K","E, F, K"
